gbifID	datasetKey	occurrenceID	kingdom	phylum	class	order	family	genus	species	infraspecificEpithet	taxonRank	scientificName	verbatimScientificName	verbatimScientificNameAuthorship	countryCode	locality	stateProvince	occurrenceStatus	individualCount	publishingOrgKey	decimalLatitude	decimalLongitude	coordinateUncertaintyInMeters	coordinatePrecision	elevation	elevationAccuracy	depth	depthAccuracy	eventDate	day	month	year	taxonKey	speciesKey	basisOfRecord	institutionCode	collectionCode	catalogNumber	recordNumber	identifiedBy	dateIdentified	license	rightsHolder	recordedBy	typeStatus	establishmentMeans	lastInterpreted	mediaType	issue
699120341	4bfac3ea-8763-4f4b-a71a-76a6f5f243d3	MCZ:IZ:SCOR-255-e	Animalia	Cnidaria	Anthozoa	Scleractinia	Acroporidae	Acropora	Acropora globiceps		SPECIES	Acropora globiceps (Dana, 1846)	Acropora globiceps (Dana, 1846)	(Dana, 1846)	PF	[no specific locality data]		PRESENT	1	b4640710-8e03-11d8-b956-b8a03c50a862	-16.97775	-151.51748	447129.0	1.0E-5									5784792	5784792	PRESERVED_SPECIMEN	MCZ	IZ	SCOR-255-e		[no agent data]		CC_BY_NC_4_0	President and Fellows of Harvard College	Andrew Garrett			2024-08-28T04:16:41.305Z		INSTITUTION_MATCH_FUZZY;COLLECTION_MATCH_FUZZY
699120340	4bfac3ea-8763-4f4b-a71a-76a6f5f243d3	MCZ:IZ:SCOR-255-c	Animalia	Cnidaria	Anthozoa	Scleractinia	Acroporidae	Acropora	Acropora globiceps		SPECIES	Acropora globiceps (Dana, 1846)	Acropora globiceps (Dana, 1846)	(Dana, 1846)	PF	[no specific locality data]		PRESENT	1	b4640710-8e03-11d8-b956-b8a03c50a862	-16.97775	-151.51748	447129.0	1.0E-5									5784792	5784792	PRESERVED_SPECIMEN	MCZ	IZ	SCOR-255-c		[no agent data]		CC_BY_NC_4_0	President and Fellows of Harvard College	Andrew Garrett			2024-08-28T04:19:34.118Z		INSTITUTION_MATCH_FUZZY;COLLECTION_MATCH_FUZZY
699120221	4bfac3ea-8763-4f4b-a71a-76a6f5f243d3	MCZ:IZ:SCOR-255-b	Animalia	Cnidaria	Anthozoa	Scleractinia	Acroporidae	Acropora	Acropora globiceps		SPECIES	Acropora globiceps (Dana, 1846)	Acropora globiceps (Dana, 1846)	(Dana, 1846)	PF	[no specific locality data]		PRESENT	0	b4640710-8e03-11d8-b956-b8a03c50a862	-16.97775	-151.51748	447129.0	1.0E-5									5784792	5784792	PRESERVED_SPECIMEN	MCZ	IZ	SCOR-255-b		[no agent data]		CC_BY_NC_4_0	President and Fellows of Harvard College	Andrew Garrett			2024-08-28T04:19:33.998Z		INDIVIDUAL_COUNT_CONFLICTS_WITH_OCCURRENCE_STATUS;INSTITUTION_MATCH_FUZZY;COLLECTION_MATCH_FUZZY
699113272	4bfac3ea-8763-4f4b-a71a-76a6f5f243d3	MCZ:IZ:SCOR-255-a	Animalia	Cnidaria	Anthozoa	Scleractinia	Acroporidae	Acropora	Acropora globiceps		SPECIES	Acropora globiceps (Dana, 1846)	Acropora globiceps (Dana, 1846)	(Dana, 1846)	PF	[no specific locality data]		PRESENT	1	b4640710-8e03-11d8-b956-b8a03c50a862	-16.97775	-151.51748	447129.0	1.0E-5									5784792	5784792	PRESERVED_SPECIMEN	MCZ	IZ	SCOR-255-a		[no agent data]		CC_BY_NC_4_0	President and Fellows of Harvard College	Andrew Garrett			2024-08-28T04:19:26.954Z		INSTITUTION_MATCH_FUZZY;COLLECTION_MATCH_FUZZY
699110270	4bfac3ea-8763-4f4b-a71a-76a6f5f243d3	MCZ:IZ:SCOR-255-d	Animalia	Cnidaria	Anthozoa	Scleractinia	Acroporidae	Acropora	Acropora globiceps		SPECIES	Acropora globiceps (Dana, 1846)	Acropora globiceps (Dana, 1846)	(Dana, 1846)	PF	[no specific locality data]		PRESENT	1	b4640710-8e03-11d8-b956-b8a03c50a862	-16.97775	-151.51748	447129.0	1.0E-5									5784792	5784792	PRESERVED_SPECIMEN	MCZ	IZ	SCOR-255-d		[no agent data]		CC_BY_NC_4_0	President and Fellows of Harvard College	Andrew Garrett			2024-08-28T04:16:41.691Z		INSTITUTION_MATCH_FUZZY;COLLECTION_MATCH_FUZZY
4926237687	50c9509d-22c7-4a22-a47d-8c48425ef4a7	https://www.inaturalist.org/observations/235882190	Animalia	Cnidaria	Anthozoa	Scleractinia	Acroporidae	Acropora	Acropora globiceps		SPECIES	Acropora globiceps (Dana, 1846)	Acropora globiceps		MP		Saipan	PRESENT		28eb1a3f-1c15-4a95-931a-4af90ecb574d	15.222187	145.688556	30899.0						2024-03-27T14:47:13	27	3	2024	5784792	5784792	HUMAN_OBSERVATION	iNaturalist	Observations	235882190		nmi_fishguy	2024-08-15T10:47:09	CC_BY_NC_4_0	nmi_fishguy	nmi_fishguy			2024-08-29T05:41:42.791Z	StillImage	COORDINATE_ROUNDED;CONTINENT_DERIVED_FROM_COORDINATES;TAXON_MATCH_TAXON_ID_IGNORED
4607550751	50c9509d-22c7-4a22-a47d-8c48425ef4a7	https://www.inaturalist.org/observations/205838990	Animalia	Cnidaria	Anthozoa	Scleractinia	Acroporidae	Acropora	Acropora globiceps		SPECIES	Acropora globiceps (Dana, 1846)	Acropora globiceps		ID		Sulawesi Utara	PRESENT		28eb1a3f-1c15-4a95-931a-4af90ecb574d	1.623205	124.604476	31444.0						2024-03-26T03:24	26	3	2024	5784792	5784792	HUMAN_OBSERVATION	iNaturalist	Observations	205838990		Tạ Hoàng An	2024-04-07T15:03:53	CC_BY_NC_4_0	Ingo Rogalla	Ingo Rogalla			2024-08-29T05:37:06.656Z	StillImage	COORDINATE_ROUNDED;TAXON_MATCH_TAXON_ID_IGNORED
4599737042	50c9509d-22c7-4a22-a47d-8c48425ef4a7	https://www.inaturalist.org/observations/203302770	Animalia	Cnidaria	Anthozoa	Scleractinia	Acroporidae	Acropora	Acropora globiceps		SPECIES	Acropora globiceps (Dana, 1846)	Acropora globiceps		GU		Guam	PRESENT		28eb1a3f-1c15-4a95-931a-4af90ecb574d	13.478406	144.641206	31020.0						2024-03-20T08:38	20	3	2024	5784792	5784792	HUMAN_OBSERVATION	iNaturalist	Observations	203302770		Tạ Hoàng An	2024-03-21T16:44:04	CC_BY_NC_4_0	Natalie Scott	Natalie Scott			2024-08-29T05:32:32.754Z	StillImage	COORDINATE_ROUNDED;CONTINENT_DERIVED_FROM_COORDINATES;TAXON_MATCH_TAXON_ID_IGNORED
4596883652	50c9509d-22c7-4a22-a47d-8c48425ef4a7	https://www.inaturalist.org/observations/201655746	Animalia	Cnidaria	Anthozoa	Scleractinia	Acroporidae	Acropora	Acropora globiceps		SPECIES	Acropora globiceps (Dana, 1846)	Acropora globiceps		NC		Sud	PRESENT		28eb1a3f-1c15-4a95-931a-4af90ecb574d	-22.685923	166.793061	30258.0						2024-03-03T09:42	3	3	2024	5784792	5784792	HUMAN_OBSERVATION	iNaturalist	Observations	201655746		Tạ Hoàng An	2024-03-08T11:42:43	CC_BY_NC_4_0	cathylebouteiller	cathylebouteiller			2024-08-29T06:15:15.305Z	StillImage	COORDINATE_ROUNDED;CONTINENT_DERIVED_FROM_COORDINATES;TAXON_MATCH_TAXON_ID_IGNORED
4515426578	b91737be-674c-48f0-8c17-505375c42757	Univ_Tokyo:Okitori_coral:Yamamoto2023.0241	Animalia	Cnidaria	Anthozoa	Scleractinia	Acroporidae	Acropora	Acropora globiceps		SPECIES	Acropora globiceps (Dana, 1846)	Acropora globiceps	(Dana, 1846)	JP			PRESENT		4fd82480-ea1c-11da-8db4-b8a03c50a862	20.42219	136.07694					1.55	1.55	2006-08-13/2006-08-18		8	2006	5784792	5784792	HUMAN_OBSERVATION	Univ_Tokyo	Okitori_coral	Yamamoto2023.0241				CC_BY_4_0					2024-02-01T01:50:02.911Z		GEODETIC_DATUM_ASSUMED_WGS84;CONTINENT_DERIVED_FROM_COORDINATES
4515426575	b91737be-674c-48f0-8c17-505375c42757	Univ_Tokyo:Okitori_coral:Yamamoto2023.0246	Animalia	Cnidaria	Anthozoa	Scleractinia	Acroporidae	Acropora	Acropora globiceps		SPECIES	Acropora globiceps (Dana, 1846)	Acropora globiceps	(Dana, 1846)	JP			PRESENT		4fd82480-ea1c-11da-8db4-b8a03c50a862	20.42219	136.07694					1.55	1.55	2011-05-22/2011-05-29		5	2011	5784792	5784792	HUMAN_OBSERVATION	Univ_Tokyo	Okitori_coral	Yamamoto2023.0246				CC_BY_4_0					2024-02-01T01:50:02.894Z		GEODETIC_DATUM_ASSUMED_WGS84;CONTINENT_DERIVED_FROM_COORDINATES
4515426572	b91737be-674c-48f0-8c17-505375c42757	Univ_Tokyo:Okitori_coral:Yamamoto2023.0247	Animalia	Cnidaria	Anthozoa	Scleractinia	Acroporidae	Acropora	Acropora globiceps		SPECIES	Acropora globiceps (Dana, 1846)	Acropora globiceps	(Dana, 1846)	JP			ABSENT		4fd82480-ea1c-11da-8db4-b8a03c50a862	20.42219	136.07694					1.55	1.55	2012-06-01/2012-06-08		6	2012	5784792	5784792	HUMAN_OBSERVATION	Univ_Tokyo	Okitori_coral	Yamamoto2023.0247				CC_BY_4_0					2024-02-01T01:50:02.884Z		GEODETIC_DATUM_ASSUMED_WGS84;CONTINENT_DERIVED_FROM_COORDINATES
4515426568	b91737be-674c-48f0-8c17-505375c42757	Univ_Tokyo:Okitori_coral:Yamamoto2023.0248	Animalia	Cnidaria	Anthozoa	Scleractinia	Acroporidae	Acropora	Acropora globiceps		SPECIES	Acropora globiceps (Dana, 1846)	Acropora globiceps	(Dana, 1846)	JP			ABSENT		4fd82480-ea1c-11da-8db4-b8a03c50a862	20.42219	136.07694					1.55	1.55	2013-05-30/2013-05-31		5	2013	5784792	5784792	HUMAN_OBSERVATION	Univ_Tokyo	Okitori_coral	Yamamoto2023.0248				CC_BY_4_0					2024-02-01T01:50:02.869Z		GEODETIC_DATUM_ASSUMED_WGS84;CONTINENT_DERIVED_FROM_COORDINATES
4515426565	b91737be-674c-48f0-8c17-505375c42757	Univ_Tokyo:Okitori_coral:Yamamoto2023.0249	Animalia	Cnidaria	Anthozoa	Scleractinia	Acroporidae	Acropora	Acropora globiceps		SPECIES	Acropora globiceps (Dana, 1846)	Acropora globiceps	(Dana, 1846)	JP			ABSENT		4fd82480-ea1c-11da-8db4-b8a03c50a862	20.42219	136.07694					1.55	1.55	2014-06-04/2014-06-07		6	2014	5784792	5784792	HUMAN_OBSERVATION	Univ_Tokyo	Okitori_coral	Yamamoto2023.0249				CC_BY_4_0					2024-02-01T01:50:02.856Z		GEODETIC_DATUM_ASSUMED_WGS84;CONTINENT_DERIVED_FROM_COORDINATES
4515426564	b91737be-674c-48f0-8c17-505375c42757	Univ_Tokyo:Okitori_coral:Yamamoto2023.0242	Animalia	Cnidaria	Anthozoa	Scleractinia	Acroporidae	Acropora	Acropora globiceps		SPECIES	Acropora globiceps (Dana, 1846)	Acropora globiceps	(Dana, 1846)	JP			PRESENT		4fd82480-ea1c-11da-8db4-b8a03c50a862	20.42219	136.07694					1.55	1.55	2007-05-10	10	5	2007	5784792	5784792	HUMAN_OBSERVATION	Univ_Tokyo	Okitori_coral	Yamamoto2023.0242				CC_BY_4_0					2024-02-01T01:50:02.854Z		GEODETIC_DATUM_ASSUMED_WGS84;CONTINENT_DERIVED_FROM_COORDINATES
4515426562	b91737be-674c-48f0-8c17-505375c42757	Univ_Tokyo:Okitori_coral:Yamamoto2023.0243	Animalia	Cnidaria	Anthozoa	Scleractinia	Acroporidae	Acropora	Acropora globiceps		SPECIES	Acropora globiceps (Dana, 1846)	Acropora globiceps	(Dana, 1846)	JP			PRESENT		4fd82480-ea1c-11da-8db4-b8a03c50a862	20.42219	136.07694					1.55	1.55	2008-05-03/2008-05-04		5	2008	5784792	5784792	HUMAN_OBSERVATION	Univ_Tokyo	Okitori_coral	Yamamoto2023.0243				CC_BY_4_0					2024-02-01T01:50:02.848Z		GEODETIC_DATUM_ASSUMED_WGS84;CONTINENT_DERIVED_FROM_COORDINATES
4515426558	b91737be-674c-48f0-8c17-505375c42757	Univ_Tokyo:Okitori_coral:Yamamoto2023.0244	Animalia	Cnidaria	Anthozoa	Scleractinia	Acroporidae	Acropora	Acropora globiceps		SPECIES	Acropora globiceps (Dana, 1846)	Acropora globiceps	(Dana, 1846)	JP			PRESENT		4fd82480-ea1c-11da-8db4-b8a03c50a862	20.42219	136.07694					1.55	1.55	2009-05-19/2009-05-20		5	2009	5784792	5784792	HUMAN_OBSERVATION	Univ_Tokyo	Okitori_coral	Yamamoto2023.0244				CC_BY_4_0					2024-02-01T01:50:02.834Z		GEODETIC_DATUM_ASSUMED_WGS84;CONTINENT_DERIVED_FROM_COORDINATES
4515426556	b91737be-674c-48f0-8c17-505375c42757	Univ_Tokyo:Okitori_coral:Yamamoto2023.0245	Animalia	Cnidaria	Anthozoa	Scleractinia	Acroporidae	Acropora	Acropora globiceps		SPECIES	Acropora globiceps (Dana, 1846)	Acropora globiceps	(Dana, 1846)	JP			PRESENT		4fd82480-ea1c-11da-8db4-b8a03c50a862	20.42219	136.07694					1.55	1.55	2010-06-29/2010-06-30		6	2010	5784792	5784792	HUMAN_OBSERVATION	Univ_Tokyo	Okitori_coral	Yamamoto2023.0245				CC_BY_4_0					2024-02-01T01:50:02.829Z		GEODETIC_DATUM_ASSUMED_WGS84;CONTINENT_DERIVED_FROM_COORDINATES
4515426550	b91737be-674c-48f0-8c17-505375c42757	Univ_Tokyo:Okitori_coral:Yamamoto2023.0250	Animalia	Cnidaria	Anthozoa	Scleractinia	Acroporidae	Acropora	Acropora globiceps		SPECIES	Acropora globiceps (Dana, 1846)	Acropora globiceps	(Dana, 1846)	JP			ABSENT		4fd82480-ea1c-11da-8db4-b8a03c50a862	20.42219	136.07694					1.55	1.55	2015-06-09/2015-06-11		6	2015	5784792	5784792	HUMAN_OBSERVATION	Univ_Tokyo	Okitori_coral	Yamamoto2023.0250				CC_BY_4_0					2024-02-01T01:50:02.804Z		GEODETIC_DATUM_ASSUMED_WGS84;CONTINENT_DERIVED_FROM_COORDINATES
4172111069	50c9509d-22c7-4a22-a47d-8c48425ef4a7	https://www.inaturalist.org/observations/176733737	Animalia	Cnidaria	Anthozoa	Scleractinia	Acroporidae	Acropora	Acropora globiceps		SPECIES	Acropora globiceps (Dana, 1846)	Acropora globiceps		GU		Guam	PRESENT		28eb1a3f-1c15-4a95-931a-4af90ecb574d	13.456186	144.686844	31020.0						2023-08-03T16:29	3	8	2023	5784792	5784792	HUMAN_OBSERVATION	iNaturalist	Observations	176733737		Tạ Hoàng An	2023-08-05T09:50:02	CC_BY_NC_4_0	Natalie Scott	Natalie Scott			2024-08-29T05:28:50.004Z	StillImage	COORDINATE_ROUNDED;CONTINENT_DERIVED_FROM_COORDINATES;TAXON_MATCH_TAXON_ID_IGNORED
4133662510	50c9509d-22c7-4a22-a47d-8c48425ef4a7	https://www.inaturalist.org/observations/161563341	Animalia	Cnidaria	Anthozoa	Scleractinia	Acroporidae	Acropora	Acropora globiceps		SPECIES	Acropora globiceps (Dana, 1846)	Acropora globiceps		GU		Guam	PRESENT		28eb1a3f-1c15-4a95-931a-4af90ecb574d	13.525765	144.719554	31020.0						2023-05-14T10:57	14	5	2023	5784792	5784792	HUMAN_OBSERVATION	iNaturalist	Observations	161563341		Tạ Hoàng An	2023-05-14T22:21:17	CC_BY_NC_4_0	Marisa Agarwal	Marisa Agarwal			2024-08-29T05:23:01.040Z	StillImage	COORDINATE_ROUNDED;CONTINENT_DERIVED_FROM_COORDINATES;TAXON_MATCH_TAXON_ID_IGNORED
4133617690	50c9509d-22c7-4a22-a47d-8c48425ef4a7	https://www.inaturalist.org/observations/165992636	Animalia	Cnidaria	Anthozoa	Scleractinia	Acroporidae	Acropora	Acropora globiceps		SPECIES	Acropora globiceps (Dana, 1846)	Acropora globiceps		GU		Guam	PRESENT		28eb1a3f-1c15-4a95-931a-4af90ecb574d	13.494454	144.648607	31020.0						2023-06-07T08:59	7	6	2023	5784792	5784792	HUMAN_OBSERVATION	iNaturalist	Observations	165992636		Tạ Hoàng An	2023-06-07T03:59:50	CC_BY_NC_4_0	Natalie Scott	Natalie Scott			2024-08-29T05:21:19.792Z	StillImage	COORDINATE_ROUNDED;CONTINENT_DERIVED_FROM_COORDINATES;TAXON_MATCH_TAXON_ID_IGNORED
4116102552	50c9509d-22c7-4a22-a47d-8c48425ef4a7	https://www.inaturalist.org/observations/160849133	Animalia	Cnidaria	Anthozoa	Scleractinia	Acroporidae	Acropora	Acropora globiceps		SPECIES	Acropora globiceps (Dana, 1846)	Acropora globiceps		GU		Guam	PRESENT		28eb1a3f-1c15-4a95-931a-4af90ecb574d	13.278005	144.615283	31032.0						2023-05-10T10:06	10	5	2023	5784792	5784792	HUMAN_OBSERVATION	iNaturalist	Observations	160849133		Marisa Agarwal	2023-05-10T02:54:18	CC_BY_NC_4_0	Marisa Agarwal	Marisa Agarwal			2024-08-29T05:20:51.333Z	StillImage	COORDINATE_ROUNDED;CONTINENT_DERIVED_FROM_COORDINATES;TAXON_MATCH_TAXON_ID_IGNORED
4096787992	50c9509d-22c7-4a22-a47d-8c48425ef4a7	https://www.inaturalist.org/observations/155845166	Animalia	Cnidaria	Anthozoa	Scleractinia	Acroporidae	Acropora	Acropora globiceps		SPECIES	Acropora globiceps (Dana, 1846)	Acropora globiceps		GU		Guam	PRESENT		28eb1a3f-1c15-4a95-931a-4af90ecb574d	13.497046	144.665838	31020.0						2023-04-21T11:22	21	4	2023	5784792	5784792	HUMAN_OBSERVATION	iNaturalist	Observations	155845166		Tạ Hoàng An	2023-04-21T18:23:05	CC_BY_NC_4_0	Natalie Scott	Natalie Scott			2024-08-29T06:33:31.766Z	StillImage	COORDINATE_ROUNDED;CONTINENT_DERIVED_FROM_COORDINATES;TAXON_MATCH_TAXON_ID_IGNORED
4096462042	50c9509d-22c7-4a22-a47d-8c48425ef4a7	https://www.inaturalist.org/observations/155852107	Animalia	Cnidaria	Anthozoa	Scleractinia	Acroporidae	Acropora	Acropora globiceps		SPECIES	Acropora globiceps (Dana, 1846)	Acropora globiceps		GU		Guam	PRESENT		28eb1a3f-1c15-4a95-931a-4af90ecb574d	13.49091	144.735784	31020.0						2023-04-21T11:19	21	4	2023	5784792	5784792	HUMAN_OBSERVATION	iNaturalist	Observations	155852107		Marisa Agarwal	2023-04-21T05:28:01	CC_BY_NC_4_0	Marisa Agarwal	Marisa Agarwal			2024-08-29T06:33:38.524Z	StillImage	COORDINATE_ROUNDED;CONTINENT_DERIVED_FROM_COORDINATES;TAXON_MATCH_TAXON_ID_IGNORED
4055766491	2f7c33b3-ea7a-40ac-a3b7-bace96f978f7	WoRMS Editorial Board:WoRMS type localities:sm_id_142338	Animalia	Cnidaria	Anthozoa	Scleractinia	Acroporidae	Acropora	Acropora globiceps		SPECIES	Madrepora globiceps Dana, 1846	Madrepora globiceps	Dana, 1846	PF	French Polynesian Exclusive Economic Zone		PRESENT		2089ce96-4fb5-4a20-999c-3ccf45a27a4d	-17.68	-149.4											7693475	5784792	PRESERVED_SPECIMEN	WoRMS Editorial Board	WoRMS type localities	sm_id_142338				CC_BY_4_0			HOLOTYPE		2024-07-02T17:11:46.597Z		GEODETIC_DATUM_ASSUMED_WGS84;COUNTRY_DERIVED_FROM_COORDINATES;CONTINENT_DERIVED_FROM_COORDINATES;INSTITUTION_MATCH_NONE
3902564256	50c9509d-22c7-4a22-a47d-8c48425ef4a7	https://www.inaturalist.org/observations/131700268	Animalia	Cnidaria	Anthozoa	Scleractinia	Acroporidae	Acropora	Acropora globiceps		SPECIES	Acropora globiceps (Dana, 1846)	Acropora globiceps		GU		Guam	PRESENT		28eb1a3f-1c15-4a95-931a-4af90ecb574d	13.430976	144.933579	31020.0						2022-08-21T12:37	21	8	2022	5784792	5784792	HUMAN_OBSERVATION	iNaturalist	Observations	131700268		mndiminuco	2022-08-21T08:10:21	CC_BY_NC_4_0	mndiminuco	mndiminuco			2024-08-29T05:13:58.733Z	StillImage	COORDINATE_ROUNDED;TAXON_MATCH_TAXON_ID_IGNORED
3889186767	50c9509d-22c7-4a22-a47d-8c48425ef4a7	https://www.inaturalist.org/observations/129641988	Animalia	Cnidaria	Anthozoa	Scleractinia	Acroporidae	Acropora	Acropora globiceps		SPECIES	Acropora globiceps (Dana, 1846)	Acropora globiceps		GU		Guam	PRESENT		28eb1a3f-1c15-4a95-931a-4af90ecb574d	13.468769	144.63157	31020.0						2022-08-06T12:47	6	8	2022	5784792	5784792	HUMAN_OBSERVATION	iNaturalist	Observations	129641988		mndiminuco	2022-08-06T06:49:20	CC_BY_NC_4_0	mndiminuco	mndiminuco			2024-08-29T05:16:41.973Z	StillImage	COORDINATE_ROUNDED;CONTINENT_DERIVED_FROM_COORDINATES;TAXON_MATCH_TAXON_ID_IGNORED
3888961627	50c9509d-22c7-4a22-a47d-8c48425ef4a7	https://www.inaturalist.org/observations/129642000	Animalia	Cnidaria	Anthozoa	Scleractinia	Acroporidae	Acropora	Acropora globiceps		SPECIES	Acropora globiceps (Dana, 1846)	Acropora globiceps		GU		Guam	PRESENT		28eb1a3f-1c15-4a95-931a-4af90ecb574d	13.585168	144.771034	31020.0						2022-08-06T12:55	6	8	2022	5784792	5784792	HUMAN_OBSERVATION	iNaturalist	Observations	129642000		joe_fish	2022-08-06T16:53:16	CC_BY_NC_4_0	mndiminuco	mndiminuco			2024-08-29T06:07:23.199Z	StillImage	COORDINATE_ROUNDED;CONTINENT_DERIVED_FROM_COORDINATES;TAXON_MATCH_TAXON_ID_IGNORED
3888918466	50c9509d-22c7-4a22-a47d-8c48425ef4a7	https://www.inaturalist.org/observations/129816590	Animalia	Cnidaria	Anthozoa	Scleractinia	Acroporidae	Acropora	Acropora globiceps		SPECIES	Acropora globiceps (Dana, 1846)	Acropora globiceps		GU		Guam	PRESENT		28eb1a3f-1c15-4a95-931a-4af90ecb574d	13.496153	144.778873	31020.0						2022-08-06T12:49	6	8	2022	5784792	5784792	HUMAN_OBSERVATION	iNaturalist	Observations	129816590		Motusaga Vaeoso	2022-08-07T13:16:32	CC_BY_NC_4_0	Motusaga Vaeoso	Motusaga Vaeoso			2024-08-29T06:03:27.605Z	StillImage	COORDINATE_ROUNDED;CONTINENT_DERIVED_FROM_COORDINATES;TAXON_MATCH_TAXON_ID_IGNORED
3888884226	50c9509d-22c7-4a22-a47d-8c48425ef4a7	https://www.inaturalist.org/observations/129816610	Animalia	Cnidaria	Anthozoa	Scleractinia	Acroporidae	Acropora	Acropora globiceps		SPECIES	Acropora globiceps (Dana, 1846)	Acropora globiceps		GU		Guam	PRESENT		28eb1a3f-1c15-4a95-931a-4af90ecb574d	13.491955	144.777125	31020.0						2022-08-06T13:03	6	8	2022	5784792	5784792	HUMAN_OBSERVATION	iNaturalist	Observations	129816610		Motusaga Vaeoso	2022-08-07T13:16:37	CC_BY_NC_4_0	Motusaga Vaeoso	Motusaga Vaeoso			2024-08-29T06:03:46.781Z	StillImage	COORDINATE_ROUNDED;CONTINENT_DERIVED_FROM_COORDINATES;TAXON_MATCH_TAXON_ID_IGNORED
3874083326	50c9509d-22c7-4a22-a47d-8c48425ef4a7	https://www.inaturalist.org/observations/126012076	Animalia	Cnidaria	Anthozoa	Scleractinia	Acroporidae	Acropora	Acropora globiceps		SPECIES	Acropora globiceps (Dana, 1846)	Acropora globiceps		AS		Manu'a	PRESENT		28eb1a3f-1c15-4a95-931a-4af90ecb574d	-14.167648	-169.754838	30981.0						2022-06-14T13:40:06	14	6	2022	5784792	5784792	HUMAN_OBSERVATION	iNaturalist	Observations	126012076		Tilali	2022-07-13T01:40:07	CC_BY_NC_4_0	Tilali	Tilali			2024-08-29T06:03:09.454Z	StillImage	COORDINATE_ROUNDED;TAXON_MATCH_TAXON_ID_IGNORED
3830427779	383287ee-19c5-46e2-8b58-f9320a7aa091	304CEA6B-785E-0593-E053-2614A8C02206	Animalia	Cnidaria	Anthozoa	Scleractinia	Acroporidae	Acropora	Acropora globiceps		SPECIES	Acropora globiceps (Dana, 1846)	Acropora globiceps (Dana, 1846)		PF			PRESENT		1928bdf0-f5d2-11dc-8c12-b8a03c50a862	-16.70107	-151.50915	199807.0						2007-01-01/2007-12-31			2007	5784792	5784792	HUMAN_OBSERVATION					PICHON M.		CC_BY_4_0		PICHON M.			2024-03-20T13:44:38.109Z		COUNTRY_MISMATCH;CONTINENT_DERIVED_FROM_COORDINATES;TAXON_MATCH_TAXON_ID_IGNORED
3499527030	50c9509d-22c7-4a22-a47d-8c48425ef4a7	https://www.inaturalist.org/observations/106809612	Animalia	Cnidaria	Anthozoa	Scleractinia	Acroporidae	Acropora	Acropora globiceps		SPECIES	Acropora globiceps (Dana, 1846)	Acropora globiceps		UM		Palmyra	PRESENT		28eb1a3f-1c15-4a95-931a-4af90ecb574d	5.992995	-162.151962	31368.0						2021-11-19T19:14	19	11	2021	5784792	5784792	HUMAN_OBSERVATION	iNaturalist	Observations	106809612		orionsmcc	2022-02-15T18:33:56	CC_BY_NC_4_0	orionsmcc	orionsmcc			2024-08-29T05:05:44.612Z	StillImage	COORDINATE_ROUNDED;TAXON_MATCH_TAXON_ID_IGNORED
3469013743	50c9509d-22c7-4a22-a47d-8c48425ef4a7	https://www.inaturalist.org/observations/106478292	Animalia	Cnidaria	Anthozoa	Scleractinia	Acroporidae	Acropora	Acropora globiceps		SPECIES	Acropora globiceps (Dana, 1846)	Acropora globiceps		UM		Palmyra	PRESENT		28eb1a3f-1c15-4a95-931a-4af90ecb574d	5.978539	-162.184761	31368.0						2021-11-09T18:39	9	11	2021	5784792	5784792	HUMAN_OBSERVATION	iNaturalist	Observations	106478292		orionsmcc	2022-02-10T06:22:11	CC_BY_NC_4_0	orionsmcc	orionsmcc			2024-08-29T05:06:38.399Z	StillImage	COORDINATE_ROUNDED;TAXON_MATCH_TAXON_ID_IGNORED
2856622203	50c9509d-22c7-4a22-a47d-8c48425ef4a7	https://www.inaturalist.org/observations/57523045	Animalia	Cnidaria	Anthozoa	Scleractinia	Acroporidae	Acropora	Acropora globiceps		SPECIES	Acropora globiceps (Dana, 1846)	Acropora globiceps		NC		Îles Loyauté	PRESENT		28eb1a3f-1c15-4a95-931a-4af90ecb574d	-21.160899	167.664502	30415.0						2020-08-04T12:32	4	8	2020	5784792	5784792	HUMAN_OBSERVATION	iNaturalist	Observations	57523045		joe_fish	2020-08-25T14:22:20	CC_BY_NC_4_0	Damien Brouste	Damien Brouste			2024-08-29T04:57:18.403Z	StillImage	COORDINATE_ROUNDED;TAXON_MATCH_TAXON_ID_IGNORED
2818189178	e5d47a25-9e51-40db-9b5c-3f766be5c7b5	82e3ca58-fe64-24f6-e053-2614a8c008ee	Animalia	Cnidaria	Anthozoa	Scleractinia	Acroporidae	Acropora	Acropora globiceps		SPECIES	Acropora globiceps (Dana, 1846)	Acropora globiceps (Dana, 1846)		NC			PRESENT		1928bdf0-f5d2-11dc-8c12-b8a03c50a862	-19.9194	158.382	50.0						2008-07-20	20	7	2008	5784792	5784792	HUMAN_OBSERVATION							CC_BY_4_0		Butscher John			2024-01-25T01:29:51.516Z		COUNTRY_MISMATCH;CONTINENT_DERIVED_FROM_COORDINATES;TAXON_MATCH_TAXON_ID_IGNORED
2818188486	e5d47a25-9e51-40db-9b5c-3f766be5c7b5	82e3ca59-4696-24f6-e053-2614a8c008ee	Animalia	Cnidaria	Anthozoa	Scleractinia	Acroporidae	Acropora	Acropora globiceps		SPECIES	Acropora globiceps (Dana, 1846)	Acropora globiceps (Dana, 1846)		NC			PRESENT		1928bdf0-f5d2-11dc-8c12-b8a03c50a862	-22.62333	166.585	50.0						1987-03-04	4	3	1987	5784792	5784792	HUMAN_OBSERVATION							CC_BY_4_0		Laboute Pierre			2024-01-25T01:29:51.334Z		COUNTRY_MISMATCH;TAXON_MATCH_TAXON_ID_IGNORED
2818186343	e5d47a25-9e51-40db-9b5c-3f766be5c7b5	82e3ca58-fe68-24f6-e053-2614a8c008ee	Animalia	Cnidaria	Anthozoa	Scleractinia	Acroporidae	Acropora	Acropora globiceps		SPECIES	Acropora globiceps (Dana, 1846)	Acropora globiceps (Dana, 1846)		NC			PRESENT		1928bdf0-f5d2-11dc-8c12-b8a03c50a862	-19.9194	158.382	50.0						2008-07-20	20	7	2008	5784792	5784792	HUMAN_OBSERVATION							CC_BY_4_0		Butscher John			2024-01-25T01:29:50.108Z		COUNTRY_MISMATCH;CONTINENT_DERIVED_FROM_COORDINATES;TAXON_MATCH_TAXON_ID_IGNORED
2818185685	e5d47a25-9e51-40db-9b5c-3f766be5c7b5	82e3ca59-5205-24f6-e053-2614a8c008ee	Animalia	Cnidaria	Anthozoa	Scleractinia	Acroporidae	Acropora	Acropora globiceps		SPECIES	Acropora globiceps (Dana, 1846)	Acropora globiceps (Dana, 1846)		NC			PRESENT		1928bdf0-f5d2-11dc-8c12-b8a03c50a862	-19.6419	163.973	50.0						2009-03-26	26	3	2009	5784792	5784792	HUMAN_OBSERVATION							CC_BY_4_0		Butscher John			2024-01-25T01:29:49.949Z		COUNTRY_MISMATCH;TAXON_MATCH_TAXON_ID_IGNORED
2818185229	e5d47a25-9e51-40db-9b5c-3f766be5c7b5	82e3ca58-fe5d-24f6-e053-2614a8c008ee	Animalia	Cnidaria	Anthozoa	Scleractinia	Acroporidae	Acropora	Acropora globiceps		SPECIES	Acropora globiceps (Dana, 1846)	Acropora globiceps (Dana, 1846)		NC			PRESENT		1928bdf0-f5d2-11dc-8c12-b8a03c50a862	-19.9201	158.382	50.0						2008-07-10	10	7	2008	5784792	5784792	HUMAN_OBSERVATION							CC_BY_4_0		Gerbault Alain			2024-01-25T01:29:49.848Z		COUNTRY_MISMATCH;CONTINENT_DERIVED_FROM_COORDINATES;TAXON_MATCH_TAXON_ID_IGNORED
2520728981	adb92d68-aaff-47ba-b197-d3d26f72f728	Hexacorals_Fautin_050259	Animalia	Cnidaria	Anthozoa	Scleractinia	Acroporidae	Acropora	Acropora globiceps		SPECIES	Madrepora globiceps Dana, 1846	Madrepora globiceps	(Dana, 1846)				PRESENT		1e9400fa-ce73-4737-9eaa-f25df148945c	10.0	114.0					7.0	0.0					7693475	5784792	HUMAN_OBSERVATION	HEX	HEX					CC_BY_4_0					2024-01-24T23:28:50.562Z		GEODETIC_DATUM_ASSUMED_WGS84
2520717459	adb92d68-aaff-47ba-b197-d3d26f72f728	Hexacorals_Fautin_037771	Animalia	Cnidaria	Anthozoa	Scleractinia	Acroporidae	Acropora	Acropora globiceps		SPECIES	Madrepora globiceps Dana, 1846	Madrepora globiceps	(Dana, 1846)	PF			PRESENT		1e9400fa-ce73-4737-9eaa-f25df148945c	-17.68	-149.399994											7693475	5784792	HUMAN_OBSERVATION	HEX	HEX	261				CC_BY_4_0					2024-01-24T23:28:28.691Z		COORDINATE_ROUNDED;GEODETIC_DATUM_ASSUMED_WGS84;COUNTRY_DERIVED_FROM_COORDINATES;CONTINENT_DERIVED_FROM_COORDINATES
2520712487	adb92d68-aaff-47ba-b197-d3d26f72f728	Hexacorals_Fautin_030789	Animalia	Cnidaria	Anthozoa	Scleractinia	Acroporidae	Acropora	Acropora globiceps		SPECIES	Acropora globiceps (Dana, 1846)	Acropora acropora globiceps	(Dana, 1846)	NC			PRESENT		1e9400fa-ce73-4737-9eaa-f25df148945c	-18.83	159.830002											5784792	5784792	HUMAN_OBSERVATION	HEX	HEX	G49053				CC_BY_4_0					2024-01-24T23:28:53.582Z		COORDINATE_ROUNDED;GEODETIC_DATUM_ASSUMED_WGS84;COUNTRY_DERIVED_FROM_COORDINATES;SCIENTIFIC_NAME_AND_ID_INCONSISTENT;TAXON_MATCH_NAME_AND_ID_AMBIGUOUS
2520707721	adb92d68-aaff-47ba-b197-d3d26f72f728	Hexacorals_Fautin_027991	Animalia	Cnidaria	Anthozoa	Scleractinia	Acroporidae	Acropora	Acropora globiceps		SPECIES	Acropora globiceps (Dana, 1846)	Acropora acropora globiceps	(Dana, 1846)	CK			PRESENT		1e9400fa-ce73-4737-9eaa-f25df148945c	-21.08	-159.75											5784792	5784792	HUMAN_OBSERVATION	HEX	HEX	G36081				CC_BY_4_0					2024-01-24T23:28:30.536Z		COORDINATE_ROUNDED;GEODETIC_DATUM_ASSUMED_WGS84;COUNTRY_DERIVED_FROM_COORDINATES;SCIENTIFIC_NAME_AND_ID_INCONSISTENT;TAXON_MATCH_NAME_AND_ID_AMBIGUOUS
2520707060	adb92d68-aaff-47ba-b197-d3d26f72f728	Hexacorals_Fautin_029674	Animalia	Cnidaria	Anthozoa	Scleractinia	Acroporidae	Acropora	Acropora globiceps		SPECIES	Acropora globiceps (Dana, 1846)	Acropora globiceps		UM			PRESENT		1e9400fa-ce73-4737-9eaa-f25df148945c	6.41	-162.369995					35.5	12.5					5784792	5784792	HUMAN_OBSERVATION	HEX	HEX					CC_BY_4_0					2024-01-24T23:28:52.899Z		COORDINATE_ROUNDED;GEODETIC_DATUM_ASSUMED_WGS84;COUNTRY_DERIVED_FROM_COORDINATES;CONTINENT_DERIVED_FROM_COORDINATES
2520706688	adb92d68-aaff-47ba-b197-d3d26f72f728	Hexacorals_Fautin_027610	Animalia	Cnidaria	Anthozoa	Scleractinia	Acroporidae	Acropora	Acropora globiceps		SPECIES	Acropora globiceps (Dana, 1846)	Acropora acropora globiceps	(Dana, 1846)	NU			PRESENT		1e9400fa-ce73-4737-9eaa-f25df148945c	-19.0	-169.919998											5784792	5784792	HUMAN_OBSERVATION	HEX	HEX	G36105				CC_BY_4_0					2024-01-24T23:28:31.664Z		COORDINATE_ROUNDED;GEODETIC_DATUM_ASSUMED_WGS84;COUNTRY_DERIVED_FROM_COORDINATES;CONTINENT_DERIVED_FROM_COORDINATES;SCIENTIFIC_NAME_AND_ID_INCONSISTENT;TAXON_MATCH_NAME_AND_ID_AMBIGUOUS
2520705124	adb92d68-aaff-47ba-b197-d3d26f72f728	Hexacorals_Fautin_025892	Animalia	Cnidaria	Anthozoa	Scleractinia	Acroporidae	Acropora	Acropora globiceps		SPECIES	Acropora globiceps (Dana, 1846)	Acropora acropora globiceps	(Dana, 1846)	NU			PRESENT		1e9400fa-ce73-4737-9eaa-f25df148945c	-19.0	-169.919998											5784792	5784792	HUMAN_OBSERVATION	HEX	HEX	G49021				CC_BY_4_0					2024-01-24T23:28:49.648Z		COORDINATE_ROUNDED;GEODETIC_DATUM_ASSUMED_WGS84;COUNTRY_DERIVED_FROM_COORDINATES;CONTINENT_DERIVED_FROM_COORDINATES;SCIENTIFIC_NAME_AND_ID_INCONSISTENT;TAXON_MATCH_NAME_AND_ID_AMBIGUOUS
2520704432	adb92d68-aaff-47ba-b197-d3d26f72f728	Hexacorals_Fautin_025321	Animalia	Cnidaria	Anthozoa	Scleractinia	Acroporidae	Acropora	Acropora globiceps		SPECIES	Acropora globiceps (Dana, 1846)	Acropora acropora globiceps	(Dana, 1846)	CK			PRESENT		1e9400fa-ce73-4737-9eaa-f25df148945c	-21.08	-159.75											5784792	5784792	HUMAN_OBSERVATION	HEX	HEX	G36080				CC_BY_4_0					2024-01-24T23:28:51.277Z		COORDINATE_ROUNDED;GEODETIC_DATUM_ASSUMED_WGS84;COUNTRY_DERIVED_FROM_COORDINATES;SCIENTIFIC_NAME_AND_ID_INCONSISTENT;TAXON_MATCH_NAME_AND_ID_AMBIGUOUS
2520703983	adb92d68-aaff-47ba-b197-d3d26f72f728	Hexacorals_Fautin_024719	Animalia	Cnidaria	Anthozoa	Scleractinia	Acroporidae	Acropora	Acropora globiceps		SPECIES	Acropora globiceps (Dana, 1846)	Acropora globiceps	(Dana, 1846)	AS			PRESENT		1e9400fa-ce73-4737-9eaa-f25df148945c	-14.55	-168.139999											5784792	5784792	HUMAN_OBSERVATION	HEX	HEX					CC_BY_4_0					2024-01-24T23:28:39.295Z		COORDINATE_ROUNDED;GEODETIC_DATUM_ASSUMED_WGS84;COUNTRY_DERIVED_FROM_COORDINATES;CONTINENT_DERIVED_FROM_COORDINATES
2520703863	adb92d68-aaff-47ba-b197-d3d26f72f728	Hexacorals_Fautin_023925	Animalia	Cnidaria	Anthozoa	Scleractinia	Acroporidae	Acropora	Acropora globiceps		SPECIES	Acropora globiceps (Dana, 1846)	Acropora acropora globiceps	(Dana, 1846)	NU			PRESENT		1e9400fa-ce73-4737-9eaa-f25df148945c	-19.0	-169.919998											5784792	5784792	HUMAN_OBSERVATION	HEX	HEX	G36107				CC_BY_4_0					2024-01-24T23:28:23.948Z		COORDINATE_ROUNDED;GEODETIC_DATUM_ASSUMED_WGS84;COUNTRY_DERIVED_FROM_COORDINATES;CONTINENT_DERIVED_FROM_COORDINATES;SCIENTIFIC_NAME_AND_ID_INCONSISTENT;TAXON_MATCH_NAME_AND_ID_AMBIGUOUS
2520703798	adb92d68-aaff-47ba-b197-d3d26f72f728	Hexacorals_Fautin_026434	Animalia	Cnidaria	Anthozoa	Scleractinia	Acroporidae	Acropora	Acropora globiceps		SPECIES	Acropora globiceps (Dana, 1846)	Acropora globiceps	(Dana, 1846)	UM			PRESENT		1e9400fa-ce73-4737-9eaa-f25df148945c	0.8	-176.0											5784792	5784792	HUMAN_OBSERVATION	HEX	HEX					CC_BY_4_0					2024-01-24T23:28:13.983Z		COORDINATE_ROUNDED;GEODETIC_DATUM_ASSUMED_WGS84;COUNTRY_DERIVED_FROM_COORDINATES
2520703752	adb92d68-aaff-47ba-b197-d3d26f72f728	Hexacorals_Fautin_023824	Animalia	Cnidaria	Anthozoa	Scleractinia	Acroporidae	Acropora	Acropora globiceps		SPECIES	Acropora globiceps (Dana, 1846)	Acropora globiceps	(Dana, 1846)	UM			PRESENT		1e9400fa-ce73-4737-9eaa-f25df148945c	0.19	-176.479996											5784792	5784792	HUMAN_OBSERVATION	HEX	HEX					CC_BY_4_0					2024-01-24T23:28:24.471Z		COORDINATE_ROUNDED;GEODETIC_DATUM_ASSUMED_WGS84;COUNTRY_DERIVED_FROM_COORDINATES;CONTINENT_DERIVED_FROM_COORDINATES
2520702281	adb92d68-aaff-47ba-b197-d3d26f72f728	Hexacorals_Fautin_024362	Animalia	Cnidaria	Anthozoa	Scleractinia	Acroporidae	Acropora	Acropora globiceps		SPECIES	Acropora globiceps (Dana, 1846)	Acropora acropora globiceps	(Dana, 1846)	CK			PRESENT		1e9400fa-ce73-4737-9eaa-f25df148945c	-20.17	-157.25											5784792	5784792	HUMAN_OBSERVATION	HEX	HEX	G36084				CC_BY_4_0					2024-01-24T23:28:40.917Z		COORDINATE_ROUNDED;GEODETIC_DATUM_ASSUMED_WGS84;COUNTRY_DERIVED_FROM_COORDINATES;SCIENTIFIC_NAME_AND_ID_INCONSISTENT;TAXON_MATCH_NAME_AND_ID_AMBIGUOUS
2520701923	adb92d68-aaff-47ba-b197-d3d26f72f728	Hexacorals_Fautin_023448	Animalia	Cnidaria	Anthozoa	Scleractinia	Acroporidae	Acropora	Acropora globiceps		SPECIES	Acropora globiceps (Dana, 1846)	Acropora acropora globiceps	(Dana, 1846)	NU			PRESENT		1e9400fa-ce73-4737-9eaa-f25df148945c	-19.0	-169.919998											5784792	5784792	HUMAN_OBSERVATION	HEX	HEX	G54512				CC_BY_4_0					2024-01-24T23:28:25.597Z		COORDINATE_ROUNDED;GEODETIC_DATUM_ASSUMED_WGS84;COUNTRY_DERIVED_FROM_COORDINATES;CONTINENT_DERIVED_FROM_COORDINATES;SCIENTIFIC_NAME_AND_ID_INCONSISTENT;TAXON_MATCH_NAME_AND_ID_AMBIGUOUS
2520701848	adb92d68-aaff-47ba-b197-d3d26f72f728	Hexacorals_Fautin_023529	Animalia	Cnidaria	Anthozoa	Scleractinia	Acroporidae	Acropora	Acropora globiceps		SPECIES	Acropora globiceps (Dana, 1846)	Acropora acropora globiceps	(Dana, 1846)	NU			PRESENT		1e9400fa-ce73-4737-9eaa-f25df148945c	-19.0	-169.919998											5784792	5784792	HUMAN_OBSERVATION	HEX	HEX	G49022				CC_BY_4_0					2024-01-24T23:28:27.039Z		COORDINATE_ROUNDED;GEODETIC_DATUM_ASSUMED_WGS84;COUNTRY_DERIVED_FROM_COORDINATES;CONTINENT_DERIVED_FROM_COORDINATES;SCIENTIFIC_NAME_AND_ID_INCONSISTENT;TAXON_MATCH_NAME_AND_ID_AMBIGUOUS
2520700788	adb92d68-aaff-47ba-b197-d3d26f72f728	Hexacorals_Fautin_021085	Animalia	Cnidaria	Anthozoa	Scleractinia	Acroporidae	Acropora	Acropora globiceps		SPECIES	Acropora globiceps (Dana, 1846)	Acropora acropora globiceps	(Dana, 1846)	CK			PRESENT		1e9400fa-ce73-4737-9eaa-f25df148945c	-21.08	-159.75											5784792	5784792	HUMAN_OBSERVATION	HEX	HEX	G36082				CC_BY_4_0					2024-01-24T23:28:48.455Z		COORDINATE_ROUNDED;GEODETIC_DATUM_ASSUMED_WGS84;COUNTRY_DERIVED_FROM_COORDINATES;SCIENTIFIC_NAME_AND_ID_INCONSISTENT;TAXON_MATCH_NAME_AND_ID_AMBIGUOUS
2520700540	adb92d68-aaff-47ba-b197-d3d26f72f728	Hexacorals_Fautin_022181	Animalia	Cnidaria	Anthozoa	Scleractinia	Acroporidae	Acropora	Acropora globiceps		SPECIES	Acropora globiceps (Dana, 1846)	Acropora acropora globiceps	(Dana, 1846)	PN			PRESENT		1e9400fa-ce73-4737-9eaa-f25df148945c	-25.0	-124.669998											5784792	5784792	HUMAN_OBSERVATION	HEX	HEX	G35748				CC_BY_4_0					2024-01-24T23:28:06.227Z		COORDINATE_ROUNDED;GEODETIC_DATUM_ASSUMED_WGS84;COUNTRY_DERIVED_FROM_COORDINATES;SCIENTIFIC_NAME_AND_ID_INCONSISTENT;TAXON_MATCH_NAME_AND_ID_AMBIGUOUS
2520700112	adb92d68-aaff-47ba-b197-d3d26f72f728	Hexacorals_Fautin_023034	Animalia	Cnidaria	Anthozoa	Scleractinia	Acroporidae	Acropora	Acropora globiceps		SPECIES	Acropora globiceps (Dana, 1846)	Acropora acropora globiceps	(Dana, 1846)	PF			PRESENT		1e9400fa-ce73-4737-9eaa-f25df148945c	-17.58	-149.830002											5784792	5784792	HUMAN_OBSERVATION	HEX	HEX	G44041				CC_BY_4_0					2024-01-24T23:28:27.503Z		COORDINATE_ROUNDED;GEODETIC_DATUM_ASSUMED_WGS84;COUNTRY_DERIVED_FROM_COORDINATES;CONTINENT_DERIVED_FROM_COORDINATES;SCIENTIFIC_NAME_AND_ID_INCONSISTENT;TAXON_MATCH_NAME_AND_ID_AMBIGUOUS
2520698471	adb92d68-aaff-47ba-b197-d3d26f72f728	Hexacorals_Fautin_020329	Animalia	Cnidaria	Anthozoa	Scleractinia	Acroporidae	Acropora	Acropora globiceps		SPECIES	Acropora globiceps (Dana, 1846)	Acropora acropora globiceps	(Dana, 1846)	PN			PRESENT		1e9400fa-ce73-4737-9eaa-f25df148945c	-25.0	-124.669998											5784792	5784792	HUMAN_OBSERVATION	HEX	HEX	G35749				CC_BY_4_0					2024-01-24T23:28:35.759Z		COORDINATE_ROUNDED;GEODETIC_DATUM_ASSUMED_WGS84;COUNTRY_DERIVED_FROM_COORDINATES;SCIENTIFIC_NAME_AND_ID_INCONSISTENT;TAXON_MATCH_NAME_AND_ID_AMBIGUOUS
2520697936	adb92d68-aaff-47ba-b197-d3d26f72f728	Hexacorals_Fautin_018098	Animalia	Cnidaria	Anthozoa	Scleractinia	Acroporidae	Acropora	Acropora globiceps		SPECIES	Acropora globiceps (Dana, 1846)	Acropora acropora globiceps	(Dana, 1846)	NU			PRESENT		1e9400fa-ce73-4737-9eaa-f25df148945c	-19.0	-169.919998											5784792	5784792	HUMAN_OBSERVATION	HEX	HEX	G49023				CC_BY_4_0					2024-01-24T23:28:21.829Z		COORDINATE_ROUNDED;GEODETIC_DATUM_ASSUMED_WGS84;COUNTRY_DERIVED_FROM_COORDINATES;CONTINENT_DERIVED_FROM_COORDINATES;SCIENTIFIC_NAME_AND_ID_INCONSISTENT;TAXON_MATCH_NAME_AND_ID_AMBIGUOUS
2520696757	adb92d68-aaff-47ba-b197-d3d26f72f728	Hexacorals_Fautin_019340	Animalia	Cnidaria	Anthozoa	Scleractinia	Acroporidae	Acropora	Acropora globiceps		SPECIES	Acropora globiceps (Dana, 1846)	Acropora acropora globiceps	(Dana, 1846)	PN			PRESENT		1e9400fa-ce73-4737-9eaa-f25df148945c	-25.0	-124.669998											5784792	5784792	HUMAN_OBSERVATION	HEX	HEX	G49041				CC_BY_4_0					2024-01-24T23:28:35.763Z		COORDINATE_ROUNDED;GEODETIC_DATUM_ASSUMED_WGS84;COUNTRY_DERIVED_FROM_COORDINATES;SCIENTIFIC_NAME_AND_ID_INCONSISTENT;TAXON_MATCH_NAME_AND_ID_AMBIGUOUS
2520696702	adb92d68-aaff-47ba-b197-d3d26f72f728	Hexacorals_Fautin_017084	Animalia	Cnidaria	Anthozoa	Scleractinia	Acroporidae	Acropora	Acropora globiceps		SPECIES	Acropora globiceps (Dana, 1846)	Acropora acropora globiceps	(Dana, 1846)	PN			PRESENT		1e9400fa-ce73-4737-9eaa-f25df148945c	-24.33	-128.0											5784792	5784792	HUMAN_OBSERVATION	HEX	HEX	G49042				CC_BY_4_0					2024-01-24T23:27:53.803Z		COORDINATE_ROUNDED;GEODETIC_DATUM_ASSUMED_WGS84;COUNTRY_DERIVED_FROM_COORDINATES;SCIENTIFIC_NAME_AND_ID_INCONSISTENT;TAXON_MATCH_NAME_AND_ID_AMBIGUOUS
2520695847	adb92d68-aaff-47ba-b197-d3d26f72f728	Hexacorals_Fautin_017649	Animalia	Cnidaria	Anthozoa	Scleractinia	Acroporidae	Acropora	Acropora globiceps		SPECIES	Acropora globiceps (Dana, 1846)	Acropora acropora globiceps	(Dana, 1846)	PF			PRESENT		1e9400fa-ce73-4737-9eaa-f25df148945c	-16.5	-151.75											5784792	5784792	HUMAN_OBSERVATION	HEX	HEX	G49061				CC_BY_4_0					2024-01-24T23:28:32.576Z		GEODETIC_DATUM_ASSUMED_WGS84;COUNTRY_DERIVED_FROM_COORDINATES;CONTINENT_DERIVED_FROM_COORDINATES;SCIENTIFIC_NAME_AND_ID_INCONSISTENT;TAXON_MATCH_NAME_AND_ID_AMBIGUOUS
2520695579	adb92d68-aaff-47ba-b197-d3d26f72f728	Hexacorals_Fautin_018724	Animalia	Cnidaria	Anthozoa	Scleractinia	Acroporidae	Acropora	Acropora globiceps		SPECIES	Acropora globiceps (Dana, 1846)	Acropora globiceps	(Dana, 1846)	UM			PRESENT		1e9400fa-ce73-4737-9eaa-f25df148945c	5.8	-162.399994											5784792	5784792	HUMAN_OBSERVATION	HEX	HEX					CC_BY_4_0					2024-01-24T23:28:21.441Z		COORDINATE_ROUNDED;GEODETIC_DATUM_ASSUMED_WGS84;COUNTRY_DERIVED_FROM_COORDINATES
2520695329	adb92d68-aaff-47ba-b197-d3d26f72f728	Hexacorals_Fautin_016631	Animalia	Cnidaria	Anthozoa	Scleractinia	Acroporidae	Acropora	Acropora globiceps		SPECIES	Acropora globiceps (Dana, 1846)	Acropora acropora globiceps	(Dana, 1846)	PN			PRESENT		1e9400fa-ce73-4737-9eaa-f25df148945c	-24.33	-128.0											5784792	5784792	HUMAN_OBSERVATION	HEX	HEX	G35753				CC_BY_4_0					2024-01-24T23:28:16.827Z		COORDINATE_ROUNDED;GEODETIC_DATUM_ASSUMED_WGS84;COUNTRY_DERIVED_FROM_COORDINATES;SCIENTIFIC_NAME_AND_ID_INCONSISTENT;TAXON_MATCH_NAME_AND_ID_AMBIGUOUS
2520694664	adb92d68-aaff-47ba-b197-d3d26f72f728	Hexacorals_Fautin_015862	Animalia	Cnidaria	Anthozoa	Scleractinia	Acroporidae	Acropora	Acropora globiceps		SPECIES	Acropora globiceps (Dana, 1846)	Acropora acropora globiceps	(Dana, 1846)	AU			PRESENT		1e9400fa-ce73-4737-9eaa-f25df148945c	-17.65	151.419998											5784792	5784792	HUMAN_OBSERVATION	HEX	HEX	G39834				CC_BY_4_0					2024-01-24T23:28:50.395Z		COORDINATE_ROUNDED;GEODETIC_DATUM_ASSUMED_WGS84;COUNTRY_DERIVED_FROM_COORDINATES;SCIENTIFIC_NAME_AND_ID_INCONSISTENT;TAXON_MATCH_NAME_AND_ID_AMBIGUOUS
2520692864	adb92d68-aaff-47ba-b197-d3d26f72f728	Hexacorals_Fautin_014741	Animalia	Cnidaria	Anthozoa	Scleractinia	Acroporidae	Acropora	Acropora globiceps		SPECIES	Acropora globiceps (Dana, 1846)	Acropora acropora globiceps	(Dana, 1846)	CK			PRESENT		1e9400fa-ce73-4737-9eaa-f25df148945c	-22.08	-158.0											5784792	5784792	HUMAN_OBSERVATION	HEX	HEX	G36115				CC_BY_4_0					2024-01-24T23:28:42.571Z		COORDINATE_ROUNDED;GEODETIC_DATUM_ASSUMED_WGS84;COUNTRY_DERIVED_FROM_COORDINATES;SCIENTIFIC_NAME_AND_ID_INCONSISTENT;TAXON_MATCH_NAME_AND_ID_AMBIGUOUS
2520692661	adb92d68-aaff-47ba-b197-d3d26f72f728	Hexacorals_Fautin_014358	Animalia	Cnidaria	Anthozoa	Scleractinia	Acroporidae	Acropora	Acropora globiceps		SPECIES	Acropora globiceps (Dana, 1846)	Acropora acropora globiceps	(Dana, 1846)	CK			PRESENT		1e9400fa-ce73-4737-9eaa-f25df148945c	-18.83	-159.830002											5784792	5784792	HUMAN_OBSERVATION	HEX	HEX	G35943				CC_BY_4_0					2024-01-24T23:28:44.044Z		COORDINATE_ROUNDED;GEODETIC_DATUM_ASSUMED_WGS84;COUNTRY_DERIVED_FROM_COORDINATES;CONTINENT_DERIVED_FROM_COORDINATES;SCIENTIFIC_NAME_AND_ID_INCONSISTENT;TAXON_MATCH_NAME_AND_ID_AMBIGUOUS
2520692448	adb92d68-aaff-47ba-b197-d3d26f72f728	Hexacorals_Fautin_015668	Animalia	Cnidaria	Anthozoa	Scleractinia	Acroporidae	Acropora	Acropora globiceps		SPECIES	Acropora globiceps (Dana, 1846)	Acropora acropora globiceps	(Dana, 1846)	PN			PRESENT		1e9400fa-ce73-4737-9eaa-f25df148945c	-24.0	-131.169998											5784792	5784792	HUMAN_OBSERVATION	HEX	HEX	G49037				CC_BY_4_0					2024-01-24T23:28:52.232Z		COORDINATE_ROUNDED;GEODETIC_DATUM_ASSUMED_WGS84;COUNTRY_DERIVED_FROM_COORDINATES;SCIENTIFIC_NAME_AND_ID_INCONSISTENT;TAXON_MATCH_NAME_AND_ID_AMBIGUOUS
2520692273	adb92d68-aaff-47ba-b197-d3d26f72f728	Hexacorals_Fautin_013881	Animalia	Cnidaria	Anthozoa	Scleractinia	Acroporidae	Acropora	Acropora globiceps		SPECIES	Acropora globiceps (Dana, 1846)	Acropora acropora globiceps	(Dana, 1846)	NU			PRESENT		1e9400fa-ce73-4737-9eaa-f25df148945c	-19.0	-169.919998											5784792	5784792	HUMAN_OBSERVATION	HEX	HEX	G36108				CC_BY_4_0					2024-01-24T23:28:27.976Z		COORDINATE_ROUNDED;GEODETIC_DATUM_ASSUMED_WGS84;COUNTRY_DERIVED_FROM_COORDINATES;CONTINENT_DERIVED_FROM_COORDINATES;SCIENTIFIC_NAME_AND_ID_INCONSISTENT;TAXON_MATCH_NAME_AND_ID_AMBIGUOUS
2520690248	adb92d68-aaff-47ba-b197-d3d26f72f728	Hexacorals_Fautin_010934	Animalia	Cnidaria	Anthozoa	Scleractinia	Acroporidae	Acropora	Acropora globiceps		SPECIES	Acropora globiceps (Dana, 1846)	Acropora acropora globiceps	(Dana, 1846)	NU			PRESENT		1e9400fa-ce73-4737-9eaa-f25df148945c	-19.0	-169.919998											5784792	5784792	HUMAN_OBSERVATION	HEX	HEX	G49020				CC_BY_4_0					2024-01-24T23:28:36.303Z		COORDINATE_ROUNDED;GEODETIC_DATUM_ASSUMED_WGS84;COUNTRY_DERIVED_FROM_COORDINATES;CONTINENT_DERIVED_FROM_COORDINATES;SCIENTIFIC_NAME_AND_ID_INCONSISTENT;TAXON_MATCH_NAME_AND_ID_AMBIGUOUS
2520689454	adb92d68-aaff-47ba-b197-d3d26f72f728	Hexacorals_Fautin_09796	Animalia	Cnidaria	Anthozoa	Scleractinia	Acroporidae	Acropora	Acropora globiceps		SPECIES	Acropora globiceps (Dana, 1846)	Acropora acropora globiceps	(Dana, 1846)	NU			PRESENT		1e9400fa-ce73-4737-9eaa-f25df148945c	-19.0	-169.919998											5784792	5784792	HUMAN_OBSERVATION	HEX	HEX	G49024				CC_BY_4_0					2024-01-24T23:28:33.753Z		COORDINATE_ROUNDED;GEODETIC_DATUM_ASSUMED_WGS84;COUNTRY_DERIVED_FROM_COORDINATES;CONTINENT_DERIVED_FROM_COORDINATES;SCIENTIFIC_NAME_AND_ID_INCONSISTENT;TAXON_MATCH_NAME_AND_ID_AMBIGUOUS
2520687002	adb92d68-aaff-47ba-b197-d3d26f72f728	Hexacorals_Fautin_08911	Animalia	Cnidaria	Anthozoa	Scleractinia	Acroporidae	Acropora	Acropora globiceps		SPECIES	Acropora globiceps (Dana, 1846)	Acropora acropora globiceps	(Dana, 1846)	CK			PRESENT		1e9400fa-ce73-4737-9eaa-f25df148945c	-18.83	-159.830002											5784792	5784792	HUMAN_OBSERVATION	HEX	HEX	G35944				CC_BY_4_0					2024-01-24T23:28:44.949Z		COORDINATE_ROUNDED;GEODETIC_DATUM_ASSUMED_WGS84;COUNTRY_DERIVED_FROM_COORDINATES;CONTINENT_DERIVED_FROM_COORDINATES;SCIENTIFIC_NAME_AND_ID_INCONSISTENT;TAXON_MATCH_NAME_AND_ID_AMBIGUOUS
2520685587	adb92d68-aaff-47ba-b197-d3d26f72f728	Hexacorals_Fautin_06415	Animalia	Cnidaria	Anthozoa	Scleractinia	Acroporidae	Acropora	Acropora globiceps		SPECIES	Acropora globiceps (Dana, 1846)	Acropora acropora globiceps	(Dana, 1846)	CK			PRESENT		1e9400fa-ce73-4737-9eaa-f25df148945c	-20.17	-157.25											5784792	5784792	HUMAN_OBSERVATION	HEX	HEX	G36085				CC_BY_4_0					2024-01-24T23:28:17.377Z		COORDINATE_ROUNDED;GEODETIC_DATUM_ASSUMED_WGS84;COUNTRY_DERIVED_FROM_COORDINATES;SCIENTIFIC_NAME_AND_ID_INCONSISTENT;TAXON_MATCH_NAME_AND_ID_AMBIGUOUS
2520684559	adb92d68-aaff-47ba-b197-d3d26f72f728	Hexacorals_Fautin_05335	Animalia	Cnidaria	Anthozoa	Scleractinia	Acroporidae	Acropora	Acropora globiceps		SPECIES	Acropora globiceps (Dana, 1846)	Acropora acropora globiceps	(Dana, 1846)	CK			PRESENT		1e9400fa-ce73-4737-9eaa-f25df148945c	-21.08	-159.75											5784792	5784792	HUMAN_OBSERVATION	HEX	HEX	G36083				CC_BY_4_0					2024-01-24T23:28:30.776Z		COORDINATE_ROUNDED;GEODETIC_DATUM_ASSUMED_WGS84;COUNTRY_DERIVED_FROM_COORDINATES;SCIENTIFIC_NAME_AND_ID_INCONSISTENT;TAXON_MATCH_NAME_AND_ID_AMBIGUOUS
2520681134	adb92d68-aaff-47ba-b197-d3d26f72f728	Hexacorals_Fautin_01692	Animalia	Cnidaria	Anthozoa	Scleractinia	Acroporidae	Acropora	Acropora globiceps		SPECIES	Acropora globiceps (Dana, 1846)	Acropora acropora globiceps	(Dana, 1846)	PN			PRESENT		1e9400fa-ce73-4737-9eaa-f25df148945c	-25.0	-124.669998											5784792	5784792	HUMAN_OBSERVATION	HEX	HEX	G49040				CC_BY_4_0					2024-01-24T23:28:24.622Z		COORDINATE_ROUNDED;GEODETIC_DATUM_ASSUMED_WGS84;COUNTRY_DERIVED_FROM_COORDINATES;SCIENTIFIC_NAME_AND_ID_INCONSISTENT;TAXON_MATCH_NAME_AND_ID_AMBIGUOUS
2520680327	adb92d68-aaff-47ba-b197-d3d26f72f728	Hexacorals_Fautin_01034	Animalia	Cnidaria	Anthozoa	Scleractinia	Acroporidae	Acropora	Acropora globiceps		SPECIES	Acropora globiceps (Dana, 1846)	Acropora acropora globiceps	(Dana, 1846)	CK			PRESENT		1e9400fa-ce73-4737-9eaa-f25df148945c	-21.08	-159.75											5784792	5784792	HUMAN_OBSERVATION	HEX	HEX	G35931				CC_BY_4_0					2024-01-24T23:28:27.851Z		COORDINATE_ROUNDED;GEODETIC_DATUM_ASSUMED_WGS84;COUNTRY_DERIVED_FROM_COORDINATES;SCIENTIFIC_NAME_AND_ID_INCONSISTENT;TAXON_MATCH_NAME_AND_ID_AMBIGUOUS
2520679731	adb92d68-aaff-47ba-b197-d3d26f72f728	Hexacorals_Fautin_00497	Animalia	Cnidaria	Anthozoa	Scleractinia	Acroporidae	Acropora	Acropora globiceps		SPECIES	Acropora globiceps (Dana, 1846)	Acropora acropora globiceps	(Dana, 1846)	CK			PRESENT		1e9400fa-ce73-4737-9eaa-f25df148945c	-20.17	-157.25											5784792	5784792	HUMAN_OBSERVATION	HEX	HEX	G36122				CC_BY_4_0					2024-01-24T23:28:38.211Z		COORDINATE_ROUNDED;GEODETIC_DATUM_ASSUMED_WGS84;COUNTRY_DERIVED_FROM_COORDINATES;SCIENTIFIC_NAME_AND_ID_INCONSISTENT;TAXON_MATCH_NAME_AND_ID_AMBIGUOUS
2520679240	adb92d68-aaff-47ba-b197-d3d26f72f728	Hexacorals_Fautin_00436	Animalia	Cnidaria	Anthozoa	Scleractinia	Acroporidae	Acropora	Acropora globiceps		SPECIES	Acropora globiceps (Dana, 1846)	Acropora acropora globiceps	(Dana, 1846)	NU			PRESENT		1e9400fa-ce73-4737-9eaa-f25df148945c	-19.0	-169.919998											5784792	5784792	HUMAN_OBSERVATION	HEX	HEX	G36079				CC_BY_4_0					2024-01-24T23:28:38.695Z		COORDINATE_ROUNDED;GEODETIC_DATUM_ASSUMED_WGS84;COUNTRY_DERIVED_FROM_COORDINATES;CONTINENT_DERIVED_FROM_COORDINATES;SCIENTIFIC_NAME_AND_ID_INCONSISTENT;TAXON_MATCH_NAME_AND_ID_AMBIGUOUS
2478459625	4a70e8e0-c196-483b-97ad-4c9e65f590f0	82e3c9da-0753-24f6-e053-2614a8c008ee	Animalia	Cnidaria	Anthozoa	Scleractinia	Acroporidae	Acropora	Acropora globiceps		SPECIES	Acropora globiceps (Dana, 1846)	Acropora globiceps (Dana, 1846)		PF			PRESENT		1928bdf0-f5d2-11dc-8c12-b8a03c50a862	-17.47614	-149.84602	5000.0						2012-10-22	22	10	2012	5784792	5784792	HUMAN_OBSERVATION							CC_BY_4_0		M. Pichon, P. Bosserelle, M. Nugues			2024-01-24T18:01:34.635Z		COUNTRY_MISMATCH;CONTINENT_DERIVED_FROM_COORDINATES;TAXON_MATCH_TAXON_ID_IGNORED
2478458622	4a70e8e0-c196-483b-97ad-4c9e65f590f0	82e3c9da-0754-24f6-e053-2614a8c008ee	Animalia	Cnidaria	Anthozoa	Scleractinia	Acroporidae	Acropora	Acropora globiceps		SPECIES	Acropora globiceps (Dana, 1846)	Acropora globiceps (Dana, 1846)		PF			PRESENT		1928bdf0-f5d2-11dc-8c12-b8a03c50a862	-17.47614	-149.84602	5000.0						2012-10-22	22	10	2012	5784792	5784792	HUMAN_OBSERVATION							CC_BY_4_0		M. Pichon, P. Bosserelle, M. Nugues			2024-01-24T18:01:34.453Z		COUNTRY_MISMATCH;CONTINENT_DERIVED_FROM_COORDINATES;TAXON_MATCH_TAXON_ID_IGNORED
1890349984	be62fffc-d0e7-45f2-9404-d4bc4322bc57	68914	Animalia	Cnidaria	Anthozoa	Scleractinia	Acroporidae	Acropora	Acropora globiceps		SPECIES	Madrepora globiceps Dana, 1846	Madrepora globiceps	Dana, 1846	PF			PRESENT		c58ac019-b413-4613-8772-39e57acbeb8e	-17.68	-149.399994	100.0										7693475	5784792	HUMAN_OBSERVATION	NIWA	SPRFMO VME					CC0_1_0					2024-05-01T00:56:30.884Z		COORDINATE_ROUNDED;FOOTPRINT_WKT_MISMATCH;COUNTRY_DERIVED_FROM_COORDINATES;CONTINENT_DERIVED_FROM_COORDINATES
1890338264	be62fffc-d0e7-45f2-9404-d4bc4322bc57	53149	Animalia	Cnidaria	Anthozoa	Scleractinia	Acroporidae	Acropora	Acropora globiceps		SPECIES	Acropora globiceps (Dana, 1846)	Acropora globiceps	(Dana, 1846)	UM			PRESENT		c58ac019-b413-4613-8772-39e57acbeb8e	6.41	-162.369995	100.0				35.5	12.5					5784792	5784792	HUMAN_OBSERVATION	NIWA	SPRFMO VME					CC0_1_0					2024-05-01T00:56:30.501Z		COORDINATE_ROUNDED;FOOTPRINT_WKT_MISMATCH;COUNTRY_DERIVED_FROM_COORDINATES;CONTINENT_DERIVED_FROM_COORDINATES
1890338260	be62fffc-d0e7-45f2-9404-d4bc4322bc57	46468	Animalia	Cnidaria	Anthozoa	Scleractinia	Acroporidae	Acropora	Acropora globiceps		SPECIES	Acropora globiceps (Dana, 1846)	Acropora globiceps	(Dana, 1846)	AS			PRESENT		c58ac019-b413-4613-8772-39e57acbeb8e	-14.55	-168.139999	100.0										5784792	5784792	HUMAN_OBSERVATION	NIWA	SPRFMO VME					CC0_1_0					2024-05-01T00:56:30.398Z		COORDINATE_ROUNDED;COUNTRY_DERIVED_FROM_COORDINATES;CONTINENT_DERIVED_FROM_COORDINATES
1890338243	be62fffc-d0e7-45f2-9404-d4bc4322bc57	48941	Animalia	Cnidaria	Anthozoa	Scleractinia	Acroporidae	Acropora	Acropora globiceps		SPECIES	Acropora globiceps (Dana, 1846)	Acropora globiceps	(Dana, 1846)	UM			PRESENT		c58ac019-b413-4613-8772-39e57acbeb8e	5.8	-162.399994	100.0										5784792	5784792	HUMAN_OBSERVATION	NIWA	SPRFMO VME					CC0_1_0					2024-05-01T00:56:30.447Z		COORDINATE_ROUNDED;FOOTPRINT_WKT_MISMATCH;COUNTRY_DERIVED_FROM_COORDINATES
1890338235	be62fffc-d0e7-45f2-9404-d4bc4322bc57	15280	Animalia	Cnidaria	Anthozoa	Scleractinia	Acroporidae	Acropora	Acropora globiceps		SPECIES	Acropora globiceps (Dana, 1846)	Acropora globiceps	(Dana, 1846)	UM			PRESENT		c58ac019-b413-4613-8772-39e57acbeb8e	0.19	-176.479996	100.0										5784792	5784792	HUMAN_OBSERVATION	NIWA	SPRFMO VME					CC0_1_0					2024-05-01T00:56:29.738Z		COORDINATE_ROUNDED;FOOTPRINT_WKT_MISMATCH;COUNTRY_DERIVED_FROM_COORDINATES;CONTINENT_DERIVED_FROM_COORDINATES
1890338234	be62fffc-d0e7-45f2-9404-d4bc4322bc57	17018	Animalia	Cnidaria	Anthozoa	Scleractinia	Acroporidae	Acropora	Acropora globiceps		SPECIES	Acropora globiceps (Dana, 1846)	Acropora globiceps	(Dana, 1846)	UM			PRESENT		c58ac019-b413-4613-8772-39e57acbeb8e	0.8	-176.0	100.0										5784792	5784792	HUMAN_OBSERVATION	NIWA	SPRFMO VME					CC0_1_0					2024-05-01T00:56:29.989Z		COORDINATE_ROUNDED;COUNTRY_DERIVED_FROM_COORDINATES
1890333432	be62fffc-d0e7-45f2-9404-d4bc4322bc57	32079	Animalia	Cnidaria	Anthozoa	Scleractinia	Acroporidae	Acropora	Acropora globiceps		SPECIES	Acropora globiceps (Dana, 1846)	Acropora globiceps	(Dana, 1846)	NU			PRESENT		c58ac019-b413-4613-8772-39e57acbeb8e	-19.0	-169.919998	100.0										5784792	5784792	HUMAN_OBSERVATION	NIWA	SPRFMO VME					CC0_1_0					2024-05-01T00:56:30.298Z		COORDINATE_ROUNDED;FOOTPRINT_WKT_MISMATCH;COUNTRY_DERIVED_FROM_COORDINATES;CONTINENT_DERIVED_FROM_COORDINATES
1890333427	be62fffc-d0e7-45f2-9404-d4bc4322bc57	32080	Animalia	Cnidaria	Anthozoa	Scleractinia	Acroporidae	Acropora	Acropora globiceps		SPECIES	Acropora globiceps (Dana, 1846)	Acropora globiceps	(Dana, 1846)	NU			PRESENT		c58ac019-b413-4613-8772-39e57acbeb8e	-19.0	-169.919998	100.0										5784792	5784792	HUMAN_OBSERVATION	NIWA	SPRFMO VME					CC0_1_0					2024-05-01T00:56:30.255Z		COORDINATE_ROUNDED;FOOTPRINT_WKT_MISMATCH;COUNTRY_DERIVED_FROM_COORDINATES;CONTINENT_DERIVED_FROM_COORDINATES
1890333424	be62fffc-d0e7-45f2-9404-d4bc4322bc57	118295	Animalia	Cnidaria	Anthozoa	Scleractinia	Acroporidae	Acropora	Acropora globiceps		SPECIES	Acropora globiceps (Dana, 1846)	Acropora globiceps	(Dana, 1846)	AU			PRESENT		c58ac019-b413-4613-8772-39e57acbeb8e	-17.65	151.419998	100.0										5784792	5784792	HUMAN_OBSERVATION	NIWA	SPRFMO VME					CC0_1_0					2024-05-01T00:56:34.599Z		COORDINATE_ROUNDED;FOOTPRINT_WKT_MISMATCH;COUNTRY_DERIVED_FROM_COORDINATES
1890333418	be62fffc-d0e7-45f2-9404-d4bc4322bc57	32081	Animalia	Cnidaria	Anthozoa	Scleractinia	Acroporidae	Acropora	Acropora globiceps		SPECIES	Acropora globiceps (Dana, 1846)	Acropora globiceps	(Dana, 1846)	NU			PRESENT		c58ac019-b413-4613-8772-39e57acbeb8e	-19.0	-169.919998	100.0										5784792	5784792	HUMAN_OBSERVATION	NIWA	SPRFMO VME					CC0_1_0					2024-05-01T00:56:30.231Z		COORDINATE_ROUNDED;FOOTPRINT_WKT_MISMATCH;COUNTRY_DERIVED_FROM_COORDINATES;CONTINENT_DERIVED_FROM_COORDINATES
1890333414	be62fffc-d0e7-45f2-9404-d4bc4322bc57	32076	Animalia	Cnidaria	Anthozoa	Scleractinia	Acroporidae	Acropora	Acropora globiceps		SPECIES	Acropora globiceps (Dana, 1846)	Acropora globiceps	(Dana, 1846)	NU			PRESENT		c58ac019-b413-4613-8772-39e57acbeb8e	-19.0	-169.919998	100.0										5784792	5784792	HUMAN_OBSERVATION	NIWA	SPRFMO VME					CC0_1_0					2024-05-01T00:56:30.196Z		COORDINATE_ROUNDED;FOOTPRINT_WKT_MISMATCH;COUNTRY_DERIVED_FROM_COORDINATES;CONTINENT_DERIVED_FROM_COORDINATES
1890333413	be62fffc-d0e7-45f2-9404-d4bc4322bc57	68812	Animalia	Cnidaria	Anthozoa	Scleractinia	Acroporidae	Acropora	Acropora globiceps		SPECIES	Acropora globiceps (Dana, 1846)	Acropora globiceps	(Dana, 1846)	PF			PRESENT		c58ac019-b413-4613-8772-39e57acbeb8e	-16.5	-151.75	100.0										5784792	5784792	HUMAN_OBSERVATION	NIWA	SPRFMO VME					CC0_1_0					2024-05-01T00:56:30.856Z		COUNTRY_DERIVED_FROM_COORDINATES;CONTINENT_DERIVED_FROM_COORDINATES
1890333410	be62fffc-d0e7-45f2-9404-d4bc4322bc57	69109	Animalia	Cnidaria	Anthozoa	Scleractinia	Acroporidae	Acropora	Acropora globiceps		SPECIES	Acropora globiceps (Dana, 1846)	Acropora globiceps	(Dana, 1846)	PN			PRESENT		c58ac019-b413-4613-8772-39e57acbeb8e	-25.0	-124.669998	100.0										5784792	5784792	HUMAN_OBSERVATION	NIWA	SPRFMO VME					CC0_1_0					2024-05-01T00:56:30.893Z		COORDINATE_ROUNDED;FOOTPRINT_WKT_MISMATCH;COUNTRY_DERIVED_FROM_COORDINATES
1890333402	be62fffc-d0e7-45f2-9404-d4bc4322bc57	32077	Animalia	Cnidaria	Anthozoa	Scleractinia	Acroporidae	Acropora	Acropora globiceps		SPECIES	Acropora globiceps (Dana, 1846)	Acropora globiceps	(Dana, 1846)	NU			PRESENT		c58ac019-b413-4613-8772-39e57acbeb8e	-19.0	-169.919998	100.0										5784792	5784792	HUMAN_OBSERVATION	NIWA	SPRFMO VME					CC0_1_0					2024-05-01T00:56:30.218Z		COORDINATE_ROUNDED;FOOTPRINT_WKT_MISMATCH;COUNTRY_DERIVED_FROM_COORDINATES;CONTINENT_DERIVED_FROM_COORDINATES
1890333400	be62fffc-d0e7-45f2-9404-d4bc4322bc57	68833	Animalia	Cnidaria	Anthozoa	Scleractinia	Acroporidae	Acropora	Acropora globiceps		SPECIES	Acropora globiceps (Dana, 1846)	Acropora globiceps	(Dana, 1846)	PF			PRESENT		c58ac019-b413-4613-8772-39e57acbeb8e	-17.58	-149.830002	100.0										5784792	5784792	HUMAN_OBSERVATION	NIWA	SPRFMO VME					CC0_1_0					2024-05-01T00:56:30.879Z		COORDINATE_ROUNDED;FOOTPRINT_WKT_MISMATCH;COUNTRY_DERIVED_FROM_COORDINATES;CONTINENT_DERIVED_FROM_COORDINATES
1890333399	be62fffc-d0e7-45f2-9404-d4bc4322bc57	69077	Animalia	Cnidaria	Anthozoa	Scleractinia	Acroporidae	Acropora	Acropora globiceps		SPECIES	Acropora globiceps (Dana, 1846)	Acropora globiceps	(Dana, 1846)	PN			PRESENT		c58ac019-b413-4613-8772-39e57acbeb8e	-24.33	-128.0	100.0										5784792	5784792	HUMAN_OBSERVATION	NIWA	SPRFMO VME					CC0_1_0					2024-05-01T00:56:30.896Z		COORDINATE_ROUNDED;COUNTRY_DERIVED_FROM_COORDINATES
1890333396	be62fffc-d0e7-45f2-9404-d4bc4322bc57	32078	Animalia	Cnidaria	Anthozoa	Scleractinia	Acroporidae	Acropora	Acropora globiceps		SPECIES	Acropora globiceps (Dana, 1846)	Acropora globiceps	(Dana, 1846)	NU			PRESENT		c58ac019-b413-4613-8772-39e57acbeb8e	-19.0	-169.919998	100.0										5784792	5784792	HUMAN_OBSERVATION	NIWA	SPRFMO VME					CC0_1_0					2024-05-01T00:56:30.195Z		COORDINATE_ROUNDED;FOOTPRINT_WKT_MISMATCH;COUNTRY_DERIVED_FROM_COORDINATES;CONTINENT_DERIVED_FROM_COORDINATES
1890333385	be62fffc-d0e7-45f2-9404-d4bc4322bc57	32075	Animalia	Cnidaria	Anthozoa	Scleractinia	Acroporidae	Acropora	Acropora globiceps		SPECIES	Acropora globiceps (Dana, 1846)	Acropora globiceps	(Dana, 1846)	NU			PRESENT		c58ac019-b413-4613-8772-39e57acbeb8e	-19.0	-169.919998	100.0										5784792	5784792	HUMAN_OBSERVATION	NIWA	SPRFMO VME					CC0_1_0					2024-05-01T00:56:30.251Z		COORDINATE_ROUNDED;FOOTPRINT_WKT_MISMATCH;COUNTRY_DERIVED_FROM_COORDINATES;CONTINENT_DERIVED_FROM_COORDINATES
1890333384	be62fffc-d0e7-45f2-9404-d4bc4322bc57	68769	Animalia	Cnidaria	Anthozoa	Scleractinia	Acroporidae	Acropora	Acropora globiceps		SPECIES	Acropora globiceps (Dana, 1846)	Acropora globiceps	(Dana, 1846)	CK			PRESENT		c58ac019-b413-4613-8772-39e57acbeb8e	-20.17	-157.25	100.0										5784792	5784792	HUMAN_OBSERVATION	NIWA	SPRFMO VME					CC0_1_0					2024-05-01T00:56:30.829Z		COORDINATE_ROUNDED;COUNTRY_DERIVED_FROM_COORDINATES
1890333381	be62fffc-d0e7-45f2-9404-d4bc4322bc57	69110	Animalia	Cnidaria	Anthozoa	Scleractinia	Acroporidae	Acropora	Acropora globiceps		SPECIES	Acropora globiceps (Dana, 1846)	Acropora globiceps	(Dana, 1846)	PN			PRESENT		c58ac019-b413-4613-8772-39e57acbeb8e	-25.0	-124.669998	100.0										5784792	5784792	HUMAN_OBSERVATION	NIWA	SPRFMO VME					CC0_1_0					2024-05-01T00:56:30.915Z		COORDINATE_ROUNDED;FOOTPRINT_WKT_MISMATCH;COUNTRY_DERIVED_FROM_COORDINATES
1890333374	be62fffc-d0e7-45f2-9404-d4bc4322bc57	68712	Animalia	Cnidaria	Anthozoa	Scleractinia	Acroporidae	Acropora	Acropora globiceps		SPECIES	Acropora globiceps (Dana, 1846)	Acropora globiceps	(Dana, 1846)	CK			PRESENT		c58ac019-b413-4613-8772-39e57acbeb8e	-22.08	-158.0	100.0										5784792	5784792	HUMAN_OBSERVATION	NIWA	SPRFMO VME					CC0_1_0					2024-05-01T00:56:30.845Z		COORDINATE_ROUNDED;COUNTRY_DERIVED_FROM_COORDINATES
1890333368	be62fffc-d0e7-45f2-9404-d4bc4322bc57	121627	Animalia	Cnidaria	Anthozoa	Scleractinia	Acroporidae	Acropora	Acropora globiceps		SPECIES	Acropora globiceps (Dana, 1846)	Acropora globiceps	(Dana, 1846)	NC			PRESENT		c58ac019-b413-4613-8772-39e57acbeb8e	-18.83	159.830002	100.0										5784792	5784792	HUMAN_OBSERVATION	NIWA	SPRFMO VME					CC0_1_0					2024-05-01T00:56:34.941Z		COORDINATE_ROUNDED;FOOTPRINT_WKT_MISMATCH;COUNTRY_DERIVED_FROM_COORDINATES
1890333358	be62fffc-d0e7-45f2-9404-d4bc4322bc57	69022	Animalia	Cnidaria	Anthozoa	Scleractinia	Acroporidae	Acropora	Acropora globiceps		SPECIES	Acropora globiceps (Dana, 1846)	Acropora globiceps	(Dana, 1846)	PN			PRESENT		c58ac019-b413-4613-8772-39e57acbeb8e	-24.0	-131.169998	100.0										5784792	5784792	HUMAN_OBSERVATION	NIWA	SPRFMO VME					CC0_1_0					2024-05-01T00:56:30.894Z		COORDINATE_ROUNDED;FOOTPRINT_WKT_MISMATCH;COUNTRY_DERIVED_FROM_COORDINATES
1890333092	be62fffc-d0e7-45f2-9404-d4bc4322bc57	32072	Animalia	Cnidaria	Anthozoa	Scleractinia	Acroporidae	Acropora	Acropora globiceps		SPECIES	Acropora globiceps (Dana, 1846)	Acropora globiceps	(Dana, 1846)	NU			PRESENT		c58ac019-b413-4613-8772-39e57acbeb8e	-19.0	-169.919998	100.0										5784792	5784792	HUMAN_OBSERVATION	NIWA	SPRFMO VME					CC0_1_0					2024-05-01T00:56:30.231Z		COORDINATE_ROUNDED;FOOTPRINT_WKT_MISMATCH;COUNTRY_DERIVED_FROM_COORDINATES;CONTINENT_DERIVED_FROM_COORDINATES
1890333072	be62fffc-d0e7-45f2-9404-d4bc4322bc57	68658	Animalia	Cnidaria	Anthozoa	Scleractinia	Acroporidae	Acropora	Acropora globiceps		SPECIES	Acropora globiceps (Dana, 1846)	Acropora globiceps	(Dana, 1846)	CK			PRESENT		c58ac019-b413-4613-8772-39e57acbeb8e	-21.08	-159.75	100.0										5784792	5784792	HUMAN_OBSERVATION	NIWA	SPRFMO VME					CC0_1_0					2024-05-01T00:56:30.823Z		COORDINATE_ROUNDED;COUNTRY_DERIVED_FROM_COORDINATES
1890333067	be62fffc-d0e7-45f2-9404-d4bc4322bc57	68765	Animalia	Cnidaria	Anthozoa	Scleractinia	Acroporidae	Acropora	Acropora globiceps		SPECIES	Acropora globiceps (Dana, 1846)	Acropora globiceps	(Dana, 1846)	CK			PRESENT		c58ac019-b413-4613-8772-39e57acbeb8e	-20.17	-157.25	100.0										5784792	5784792	HUMAN_OBSERVATION	NIWA	SPRFMO VME					CC0_1_0					2024-05-01T00:56:30.854Z		COORDINATE_ROUNDED;COUNTRY_DERIVED_FROM_COORDINATES
1890333042	be62fffc-d0e7-45f2-9404-d4bc4322bc57	68655	Animalia	Cnidaria	Anthozoa	Scleractinia	Acroporidae	Acropora	Acropora globiceps		SPECIES	Acropora globiceps (Dana, 1846)	Acropora globiceps	(Dana, 1846)	CK			PRESENT		c58ac019-b413-4613-8772-39e57acbeb8e	-21.08	-159.75	100.0										5784792	5784792	HUMAN_OBSERVATION	NIWA	SPRFMO VME					CC0_1_0					2024-05-01T00:56:30.839Z		COORDINATE_ROUNDED;COUNTRY_DERIVED_FROM_COORDINATES
1890333040	be62fffc-d0e7-45f2-9404-d4bc4322bc57	68764	Animalia	Cnidaria	Anthozoa	Scleractinia	Acroporidae	Acropora	Acropora globiceps		SPECIES	Acropora globiceps (Dana, 1846)	Acropora globiceps	(Dana, 1846)	CK			PRESENT		c58ac019-b413-4613-8772-39e57acbeb8e	-20.17	-157.25	100.0										5784792	5784792	HUMAN_OBSERVATION	NIWA	SPRFMO VME					CC0_1_0					2024-05-01T00:56:30.847Z		COORDINATE_ROUNDED;COUNTRY_DERIVED_FROM_COORDINATES
1890333012	be62fffc-d0e7-45f2-9404-d4bc4322bc57	68657	Animalia	Cnidaria	Anthozoa	Scleractinia	Acroporidae	Acropora	Acropora globiceps		SPECIES	Acropora globiceps (Dana, 1846)	Acropora globiceps	(Dana, 1846)	CK			PRESENT		c58ac019-b413-4613-8772-39e57acbeb8e	-21.08	-159.75	100.0										5784792	5784792	HUMAN_OBSERVATION	NIWA	SPRFMO VME					CC0_1_0					2024-05-01T00:56:30.823Z		COORDINATE_ROUNDED;COUNTRY_DERIVED_FROM_COORDINATES
1890332981	be62fffc-d0e7-45f2-9404-d4bc4322bc57	68656	Animalia	Cnidaria	Anthozoa	Scleractinia	Acroporidae	Acropora	Acropora globiceps		SPECIES	Acropora globiceps (Dana, 1846)	Acropora globiceps	(Dana, 1846)	CK			PRESENT		c58ac019-b413-4613-8772-39e57acbeb8e	-21.08	-159.75	100.0										5784792	5784792	HUMAN_OBSERVATION	NIWA	SPRFMO VME					CC0_1_0					2024-05-01T00:56:30.823Z		COORDINATE_ROUNDED;COUNTRY_DERIVED_FROM_COORDINATES
1890332972	be62fffc-d0e7-45f2-9404-d4bc4322bc57	32073	Animalia	Cnidaria	Anthozoa	Scleractinia	Acroporidae	Acropora	Acropora globiceps		SPECIES	Acropora globiceps (Dana, 1846)	Acropora globiceps	(Dana, 1846)	NU			PRESENT		c58ac019-b413-4613-8772-39e57acbeb8e	-19.0	-169.919998	100.0										5784792	5784792	HUMAN_OBSERVATION	NIWA	SPRFMO VME					CC0_1_0					2024-05-01T00:56:30.242Z		COORDINATE_ROUNDED;FOOTPRINT_WKT_MISMATCH;COUNTRY_DERIVED_FROM_COORDINATES;CONTINENT_DERIVED_FROM_COORDINATES
1890327854	be62fffc-d0e7-45f2-9404-d4bc4322bc57	68596	Animalia	Cnidaria	Anthozoa	Scleractinia	Acroporidae	Acropora	Acropora globiceps		SPECIES	Acropora globiceps (Dana, 1846)	Acropora globiceps	(Dana, 1846)	CK			PRESENT		c58ac019-b413-4613-8772-39e57acbeb8e	-18.83	-159.830002	100.0										5784792	5784792	HUMAN_OBSERVATION	NIWA	SPRFMO VME					CC0_1_0					2024-05-01T00:56:30.820Z		COORDINATE_ROUNDED;FOOTPRINT_WKT_MISMATCH;COUNTRY_DERIVED_FROM_COORDINATES;CONTINENT_DERIVED_FROM_COORDINATES
1890327802	be62fffc-d0e7-45f2-9404-d4bc4322bc57	32031	Animalia	Cnidaria	Anthozoa	Scleractinia	Acroporidae	Acropora	Acropora globiceps		SPECIES	Acropora globiceps (Dana, 1846)	Acropora globiceps	(Dana, 1846)	NU			PRESENT		c58ac019-b413-4613-8772-39e57acbeb8e	-19.0	-169.919998	100.0										5784792	5784792	HUMAN_OBSERVATION	NIWA	SPRFMO VME					CC0_1_0					2024-05-01T00:56:30.217Z		COORDINATE_ROUNDED;FOOTPRINT_WKT_MISMATCH;COUNTRY_DERIVED_FROM_COORDINATES;CONTINENT_DERIVED_FROM_COORDINATES
1890327307	be62fffc-d0e7-45f2-9404-d4bc4322bc57	69069	Animalia	Cnidaria	Anthozoa	Scleractinia	Acroporidae	Acropora	Acropora globiceps		SPECIES	Acropora globiceps (Dana, 1846)	Acropora globiceps	(Dana, 1846)	PN			PRESENT		c58ac019-b413-4613-8772-39e57acbeb8e	-24.33	-128.0	100.0										5784792	5784792	HUMAN_OBSERVATION	NIWA	SPRFMO VME					CC0_1_0					2024-05-01T00:56:30.894Z		COORDINATE_ROUNDED;COUNTRY_DERIVED_FROM_COORDINATES
1890327288	be62fffc-d0e7-45f2-9404-d4bc4322bc57	69088	Animalia	Cnidaria	Anthozoa	Scleractinia	Acroporidae	Acropora	Acropora globiceps		SPECIES	Acropora globiceps (Dana, 1846)	Acropora globiceps	(Dana, 1846)	PN			PRESENT		c58ac019-b413-4613-8772-39e57acbeb8e	-25.0	-124.669998	100.0										5784792	5784792	HUMAN_OBSERVATION	NIWA	SPRFMO VME					CC0_1_0					2024-05-01T00:56:30.895Z		COORDINATE_ROUNDED;FOOTPRINT_WKT_MISMATCH;COUNTRY_DERIVED_FROM_COORDINATES
1890327287	be62fffc-d0e7-45f2-9404-d4bc4322bc57	68595	Animalia	Cnidaria	Anthozoa	Scleractinia	Acroporidae	Acropora	Acropora globiceps		SPECIES	Acropora globiceps (Dana, 1846)	Acropora globiceps	(Dana, 1846)	CK			PRESENT		c58ac019-b413-4613-8772-39e57acbeb8e	-18.83	-159.830002	100.0										5784792	5784792	HUMAN_OBSERVATION	NIWA	SPRFMO VME					CC0_1_0					2024-05-01T00:56:30.810Z		COORDINATE_ROUNDED;FOOTPRINT_WKT_MISMATCH;COUNTRY_DERIVED_FROM_COORDINATES;CONTINENT_DERIVED_FROM_COORDINATES
1890327283	be62fffc-d0e7-45f2-9404-d4bc4322bc57	68643	Animalia	Cnidaria	Anthozoa	Scleractinia	Acroporidae	Acropora	Acropora globiceps		SPECIES	Acropora globiceps (Dana, 1846)	Acropora globiceps	(Dana, 1846)	CK			PRESENT		c58ac019-b413-4613-8772-39e57acbeb8e	-21.08	-159.75	100.0										5784792	5784792	HUMAN_OBSERVATION	NIWA	SPRFMO VME					CC0_1_0					2024-05-01T00:56:30.823Z		COORDINATE_ROUNDED;COUNTRY_DERIVED_FROM_COORDINATES
1890327273	be62fffc-d0e7-45f2-9404-d4bc4322bc57	69087	Animalia	Cnidaria	Anthozoa	Scleractinia	Acroporidae	Acropora	Acropora globiceps		SPECIES	Acropora globiceps (Dana, 1846)	Acropora globiceps	(Dana, 1846)	PN			PRESENT		c58ac019-b413-4613-8772-39e57acbeb8e	-25.0	-124.669998	100.0										5784792	5784792	HUMAN_OBSERVATION	NIWA	SPRFMO VME					CC0_1_0					2024-05-01T00:56:30.894Z		COORDINATE_ROUNDED;FOOTPRINT_WKT_MISMATCH;COUNTRY_DERIVED_FROM_COORDINATES
1699260919	bb5b30b4-827e-4d5e-a86a-825d65cb6583	pbdb:occ:927906	Animalia	Cnidaria	Anthozoa	Scleractinia	Acroporidae	Acropora	Acropora globiceps		SPECIES	Acropora globiceps (Dana, 1846)	Acropora globiceps (Dana 1846)	(Dana 1846)	NU			PRESENT		b711353c-44d7-4e8b-90c5-16fea0d247e0	-19.033333	-169.866669		0.0166667									5784792	5784792	MATERIAL_CITATION	PBDB	106136					CC_BY_NC_4_0		Wallace;G. Paulay			2024-04-23T18:41:09.263Z		COUNTRY_DERIVED_FROM_COORDINATES;CONTINENT_DERIVED_FROM_COORDINATES;TAXON_MATCH_TAXON_CONCEPT_ID_IGNORED;TAXON_MATCH_TAXON_ID_IGNORED;INSTITUTION_MATCH_NONE
1633615416	a79c2b50-6c8a-11de-8226-b8a03c50a862	4d48f0c3-f073-49e8-8a44-ffdf60c9bb21	Animalia	Cnidaria	Anthozoa	Scleractinia	Acroporidae	Acropora	Acropora globiceps		SPECIES	Acropora globiceps (Dana, 1846)	Acropora globiceps	(Dana, 1846)	MH	Rongelap		PRESENT		f9d3db7d-6ee9-4fbf-bd4c-e5d0f0bd26c6	11.29	166.88	500.0	0.01667			17.0		2003-07-11	11	7	2003	5784792	5784792	PRESERVED_SPECIMEN	QM	Corals	G66694		C Wallace	2012-01-01T00:00:00	CC_BY_4_0		Richards, Z.			2024-07-02T06:30:22.148Z		CONTINENT_DERIVED_FROM_COORDINATES;TAXON_MATCH_TAXON_CONCEPT_ID_IGNORED;INSTITUTION_MATCH_FUZZY;COLLECTION_MATCH_FUZZY
1633615409	a79c2b50-6c8a-11de-8226-b8a03c50a862	8535e82f-ad0a-472a-9486-55d9b267afe5	Animalia	Cnidaria	Anthozoa	Scleractinia	Acroporidae	Acropora	Acropora globiceps		SPECIES	Acropora globiceps (Dana, 1846)	Acropora globiceps	(Dana, 1846)	MH	Rongelap		PRESENT		f9d3db7d-6ee9-4fbf-bd4c-e5d0f0bd26c6	11.46	166.67	500.0	0.01667					2003-07-24	24	7	2003	5784792	5784792	PRESERVED_SPECIMEN	QM	Corals	G66699		C Wallace	2012-01-01T00:00:00	CC_BY_4_0		Richards, Z.			2024-07-02T06:30:32.674Z		CONTINENT_DERIVED_FROM_COORDINATES;TAXON_MATCH_TAXON_CONCEPT_ID_IGNORED;INSTITUTION_MATCH_FUZZY;COLLECTION_MATCH_FUZZY
1633615401	a79c2b50-6c8a-11de-8226-b8a03c50a862	9d66e561-0a34-4805-adf8-f05eb50b5740	Animalia	Cnidaria	Anthozoa	Scleractinia	Acroporidae	Acropora	Acropora globiceps		SPECIES	Acropora globiceps (Dana, 1846)	Acropora globiceps	(Dana, 1846)	MH	Rongelap		PRESENT		f9d3db7d-6ee9-4fbf-bd4c-e5d0f0bd26c6	6.1	171.7	500.0	0.01667					2003-07-21	21	7	2003	5784792	5784792	PRESERVED_SPECIMEN	QM	Corals	G66693		C Wallace	2012-01-01T00:00:00	CC_BY_4_0		Richards, Z.			2024-07-02T06:30:37.414Z		CONTINENT_DERIVED_FROM_COORDINATES;TAXON_MATCH_TAXON_CONCEPT_ID_IGNORED;INSTITUTION_MATCH_FUZZY;COLLECTION_MATCH_FUZZY
1633615387	a79c2b50-6c8a-11de-8226-b8a03c50a862	f02ec449-010d-4f34-83b4-1ee03e4d77e2	Animalia	Cnidaria	Anthozoa	Scleractinia	Acroporidae	Acropora	Acropora globiceps		SPECIES	Acropora globiceps (Dana, 1846)	Acropora globiceps	(Dana, 1846)	MH	Ailinginae		PRESENT		f9d3db7d-6ee9-4fbf-bd4c-e5d0f0bd26c6	11.16	166.29	500.0	0.01667					2003-07-18	18	7	2003	5784792	5784792	PRESERVED_SPECIMEN	QM	Corals	G66698		C Wallace	2012-01-01T00:00:00	CC_BY_4_0		Richards, Z.			2024-07-02T06:30:43.784Z		CONTINENT_DERIVED_FROM_COORDINATES;TAXON_MATCH_TAXON_CONCEPT_ID_IGNORED;INSTITUTION_MATCH_FUZZY;COLLECTION_MATCH_FUZZY
1633615370	a79c2b50-6c8a-11de-8226-b8a03c50a862	8496a176-b225-47da-8150-5f4e3e8ade0d	Animalia	Cnidaria	Anthozoa	Scleractinia	Acroporidae	Acropora	Acropora globiceps		SPECIES	Acropora globiceps (Dana, 1846)	Acropora globiceps	(Dana, 1846)	MH	Ailinginae		PRESENT		f9d3db7d-6ee9-4fbf-bd4c-e5d0f0bd26c6	11.11	166.53	500.0	0.01667			11.0		2003-07-20	20	7	2003	5784792	5784792	PRESERVED_SPECIMEN	QM	Corals	G66695		C Wallace	2012-01-01T00:00:00	CC_BY_4_0		Richards, Z.			2024-07-02T06:30:33.176Z		CONTINENT_DERIVED_FROM_COORDINATES;TAXON_MATCH_TAXON_CONCEPT_ID_IGNORED;INSTITUTION_MATCH_FUZZY;COLLECTION_MATCH_FUZZY
1633615367	a79c2b50-6c8a-11de-8226-b8a03c50a862	bf4ff3f2-d6b3-4d7a-8e2b-4234916c9cb1	Animalia	Cnidaria	Anthozoa	Scleractinia	Acroporidae	Acropora	Acropora globiceps		SPECIES	Acropora globiceps (Dana, 1846)	Acropora globiceps	(Dana, 1846)	MH	Rongelap		PRESENT		f9d3db7d-6ee9-4fbf-bd4c-e5d0f0bd26c6	11.46	166.67	500.0	0.01667					2003-07-24	24	7	2003	5784792	5784792	PRESERVED_SPECIMEN	QM	Corals	G66700		C Wallace	2012-01-01T00:00:00	CC_BY_4_0		Richards, Z.			2024-07-02T06:30:39.921Z		CONTINENT_DERIVED_FROM_COORDINATES;TAXON_MATCH_TAXON_CONCEPT_ID_IGNORED;INSTITUTION_MATCH_FUZZY;COLLECTION_MATCH_FUZZY
1633615365	a79c2b50-6c8a-11de-8226-b8a03c50a862	62f1d732-7250-42ba-9610-87653ea185c6	Animalia	Cnidaria	Anthozoa	Scleractinia	Acroporidae	Acropora	Acropora globiceps		SPECIES	Acropora globiceps (Dana, 1846)	Acropora globiceps	(Dana, 1846)	MH	Ailinginae		PRESENT		f9d3db7d-6ee9-4fbf-bd4c-e5d0f0bd26c6	11.16	166.29	500.0	0.01667			20.0		2003-07-18	18	7	2003	5784792	5784792	PRESERVED_SPECIMEN	QM	Corals	G66697		C Wallace	2012-01-01T00:00:00	CC_BY_4_0		Richards, Z.			2024-07-02T06:30:32.971Z		CONTINENT_DERIVED_FROM_COORDINATES;TAXON_MATCH_TAXON_CONCEPT_ID_IGNORED;INSTITUTION_MATCH_FUZZY;COLLECTION_MATCH_FUZZY
1633615359	a79c2b50-6c8a-11de-8226-b8a03c50a862	417ae3c2-d6b7-4e4e-8b30-9c72878db0c6	Animalia	Cnidaria	Anthozoa	Scleractinia	Acroporidae	Acropora	Acropora globiceps		SPECIES	Acropora globiceps (Dana, 1846)	Acropora globiceps	(Dana, 1846)	MH	Rongelap		PRESENT		f9d3db7d-6ee9-4fbf-bd4c-e5d0f0bd26c6	11.21	166.7	500.0	0.01667					2003-07-21	21	7	2003	5784792	5784792	PRESERVED_SPECIMEN	QM	Corals	G66696		C Wallace	2012-01-01T00:00:00	CC_BY_4_0		Richards, Z.			2024-07-02T06:30:27.699Z		CONTINENT_DERIVED_FROM_COORDINATES;TAXON_MATCH_TAXON_CONCEPT_ID_IGNORED;INSTITUTION_MATCH_FUZZY;COLLECTION_MATCH_FUZZY
1066246626	a79c2b50-6c8a-11de-8226-b8a03c50a862	45071825-de3a-4462-b122-8514e88f2aef	Animalia	Cnidaria	Anthozoa	Scleractinia	Acroporidae	Acropora	Acropora globiceps		SPECIES	Acropora globiceps (Dana, 1846)	Acropora globiceps	(Dana, 1846)	AU	Admiralty Islands, Malabar	New South Wales	PRESENT		f9d3db7d-6ee9-4fbf-bd4c-e5d0f0bd26c6	-31.51	159.068333					4.0	1.0	2007-01-11	11	1	2007	5784792	5784792	PRESERVED_SPECIMEN	QM	Corals	G60453		C Wallace		CC_BY_4_0		Wallace, C. Carden;Noreen, Annika;Harrison, Peter			2024-07-02T06:30:25.740Z		CONTINENT_DERIVED_FROM_COORDINATES;TAXON_MATCH_TAXON_CONCEPT_ID_IGNORED;INSTITUTION_MATCH_FUZZY;COLLECTION_MATCH_FUZZY
1066244965	a79c2b50-6c8a-11de-8226-b8a03c50a862	ce627be3-a6e0-4a77-ab16-6185c5ab5afc	Animalia	Cnidaria	Anthozoa	Scleractinia	Acroporidae	Acropora	Acropora globiceps		SPECIES	Acropora globiceps (Dana, 1846)	Acropora globiceps	(Dana, 1846)	PF	French Polynesia, Moorea		PRESENT		f9d3db7d-6ee9-4fbf-bd4c-e5d0f0bd26c6	-17.583333	-149.666667					2.5	2.5	2003-11-16	16	11	2003	5784792	5784792	PRESERVED_SPECIMEN	QM	Corals	G58767		C Wallace		CC_BY_4_0		Carroll, A.			2024-07-02T06:30:41.035Z		CONTINENT_DERIVED_FROM_COORDINATES;TAXON_MATCH_TAXON_CONCEPT_ID_IGNORED;INSTITUTION_MATCH_FUZZY;COLLECTION_MATCH_FUZZY
1066242891	a79c2b50-6c8a-11de-8226-b8a03c50a862	f71b34fa-e6b5-4c23-ad4f-6dff6490efc7	Animalia	Cnidaria	Anthozoa	Scleractinia	Acroporidae	Acropora	Acropora globiceps		SPECIES	Acropora globiceps (Dana, 1846)	Acropora globiceps	(Dana, 1846)	PF	French Polynesia, Moorea, Opunohu Bay		PRESENT		f9d3db7d-6ee9-4fbf-bd4c-e5d0f0bd26c6	-17.583333	-149.833333					8.0	0.0	1999-03-28	28	3	1999	5784792	5784792	PRESERVED_SPECIMEN	QM	Corals	G56685		J Wolstenholme		CC_BY_4_0		Wolstenholme, J.			2024-07-02T06:30:50.811Z		CONTINENT_DERIVED_FROM_COORDINATES;TAXON_MATCH_TAXON_CONCEPT_ID_IGNORED;INSTITUTION_MATCH_FUZZY;COLLECTION_MATCH_FUZZY
1066242890	a79c2b50-6c8a-11de-8226-b8a03c50a862	b39c3ba1-4a3e-4671-93ad-e3face59b922	Animalia	Cnidaria	Anthozoa	Scleractinia	Acroporidae	Acropora	Acropora globiceps		SPECIES	Acropora globiceps (Dana, 1846)	Acropora globiceps	(Dana, 1846)	PF	French Polynesia, Moorea, Tiahura Island		PRESENT		f9d3db7d-6ee9-4fbf-bd4c-e5d0f0bd26c6	-17.583333	-149.833333					14.9	0.0	1999-03-27	27	3	1999	5784792	5784792	PRESERVED_SPECIMEN	QM	Corals	G56683		J Wolstenholme		CC_BY_4_0		Wolstenholme, J.			2024-07-02T06:30:37.290Z		CONTINENT_DERIVED_FROM_COORDINATES;TAXON_MATCH_TAXON_CONCEPT_ID_IGNORED;INSTITUTION_MATCH_FUZZY;COLLECTION_MATCH_FUZZY
1066242880	a79c2b50-6c8a-11de-8226-b8a03c50a862	67ff9cfc-bd39-4235-ab80-4d24698038b0	Animalia	Cnidaria	Anthozoa	Scleractinia	Acroporidae	Acropora	Acropora globiceps		SPECIES	Acropora globiceps (Dana, 1846)	Acropora globiceps	(Dana, 1846)	PF	French Polynesia, Moorea, Tiahura Island		PRESENT		f9d3db7d-6ee9-4fbf-bd4c-e5d0f0bd26c6	-17.583333	-149.833333					9.5	0.0	1999-03-27	27	3	1999	5784792	5784792	PRESERVED_SPECIMEN	QM	Corals	G56684		J Wolstenholme		CC_BY_4_0		Wolstenholme, J.			2024-07-02T06:30:30.481Z		CONTINENT_DERIVED_FROM_COORDINATES;TAXON_MATCH_TAXON_CONCEPT_ID_IGNORED;INSTITUTION_MATCH_FUZZY;COLLECTION_MATCH_FUZZY
1066242866	a79c2b50-6c8a-11de-8226-b8a03c50a862	27117ffd-f1b3-4145-878f-37945840e517	Animalia	Cnidaria	Anthozoa	Scleractinia	Acroporidae	Acropora	Acropora globiceps		SPECIES	Acropora globiceps (Dana, 1846)	Acropora globiceps	(Dana, 1846)	PF	French Polynesia, Moorea, Opunohu Bay		PRESENT		f9d3db7d-6ee9-4fbf-bd4c-e5d0f0bd26c6	-17.583333	-149.833333					11.1	0.0	1999-03-26	26	3	1999	5784792	5784792	PRESERVED_SPECIMEN	QM	Corals	G56681		J Wolstenholme		CC_BY_4_0		Wolstenholme, J.			2024-07-02T06:30:19.865Z		CONTINENT_DERIVED_FROM_COORDINATES;TAXON_MATCH_TAXON_CONCEPT_ID_IGNORED;INSTITUTION_MATCH_FUZZY;COLLECTION_MATCH_FUZZY
1066242852	a79c2b50-6c8a-11de-8226-b8a03c50a862	9ea0dcf7-0a68-4d7f-82cc-cf10593855d2	Animalia	Cnidaria	Anthozoa	Scleractinia	Acroporidae	Acropora	Acropora globiceps		SPECIES	Acropora globiceps (Dana, 1846)	Acropora globiceps	(Dana, 1846)	PF	French Polynesia, Moorea, Tiahura Island		PRESENT		f9d3db7d-6ee9-4fbf-bd4c-e5d0f0bd26c6	-17.583333	-149.833333					14.5	0.0	1999-03-27	27	3	1999	5784792	5784792	PRESERVED_SPECIMEN	QM	Corals	G56682		J Wolstenholme		CC_BY_4_0		Wolstenholme, J.			2024-07-02T06:30:36.951Z		CONTINENT_DERIVED_FROM_COORDINATES;TAXON_MATCH_TAXON_CONCEPT_ID_IGNORED;INSTITUTION_MATCH_FUZZY;COLLECTION_MATCH_FUZZY
1066241417	a79c2b50-6c8a-11de-8226-b8a03c50a862	3c9db3c9-a47b-422c-a08d-c8c08bc60a1c	Animalia	Cnidaria	Anthozoa	Scleractinia	Acroporidae	Acropora	Acropora globiceps		SPECIES	Acropora globiceps (Dana, 1846)	Acropora globiceps	(Dana, 1846)	NU	FOSSIL: Niue		PRESENT		f9d3db7d-6ee9-4fbf-bd4c-e5d0f0bd26c6	-19.0	-169.916667											5784792	5784792	PRESERVED_SPECIMEN	QM	Corals	G55177		C Wallace		CC_BY_4_0		Paulay, G.			2024-07-02T06:30:24.382Z		CONTINENT_DERIVED_FROM_COORDINATES;TAXON_MATCH_TAXON_CONCEPT_ID_IGNORED;INSTITUTION_MATCH_FUZZY;COLLECTION_MATCH_FUZZY
1066241396	a79c2b50-6c8a-11de-8226-b8a03c50a862	0783ca87-9f2f-43b6-93e5-41e9ff0d41da	Animalia	Cnidaria	Anthozoa	Scleractinia	Acroporidae	Acropora	Acropora globiceps		SPECIES	Acropora globiceps (Dana, 1846)	Acropora globiceps	(Dana, 1846)	NU	FOSSIL: Niue		PRESENT		f9d3db7d-6ee9-4fbf-bd4c-e5d0f0bd26c6	-19.0	-169.916667											5784792	5784792	PRESERVED_SPECIMEN	QM	Corals	G55174		C Wallace		CC_BY_4_0		Paulay, G.			2024-07-02T06:30:15.865Z		CONTINENT_DERIVED_FROM_COORDINATES;TAXON_MATCH_TAXON_CONCEPT_ID_IGNORED;INSTITUTION_MATCH_FUZZY;COLLECTION_MATCH_FUZZY
1066241391	a79c2b50-6c8a-11de-8226-b8a03c50a862	2636bb86-7521-47c3-a50f-fb6c3d19b861	Animalia	Cnidaria	Anthozoa	Scleractinia	Acroporidae	Acropora	Acropora globiceps		SPECIES	Acropora globiceps (Dana, 1846)	Acropora globiceps	(Dana, 1846)	NU	FOSSIL: Niue		PRESENT		f9d3db7d-6ee9-4fbf-bd4c-e5d0f0bd26c6	-19.0	-169.916667											5784792	5784792	PRESERVED_SPECIMEN	QM	Corals	G55181		C Wallace		CC_BY_4_0		Paulay, G.			2024-07-02T06:30:16.897Z		CONTINENT_DERIVED_FROM_COORDINATES;TAXON_MATCH_TAXON_CONCEPT_ID_IGNORED;INSTITUTION_MATCH_FUZZY;COLLECTION_MATCH_FUZZY
1066241379	a79c2b50-6c8a-11de-8226-b8a03c50a862	3799942d-88f4-4369-87c6-4fa5fbe48203	Animalia	Cnidaria	Anthozoa	Scleractinia	Acroporidae	Acropora	Acropora globiceps		SPECIES	Acropora globiceps (Dana, 1846)	Acropora globiceps	(Dana, 1846)	NU	FOSSIL: Niue		PRESENT		f9d3db7d-6ee9-4fbf-bd4c-e5d0f0bd26c6	-19.0	-169.916667											5784792	5784792	PRESERVED_SPECIMEN	QM	Corals	G55179		C Wallace		CC_BY_4_0		Paulay, G.			2024-07-02T06:30:19.126Z		CONTINENT_DERIVED_FROM_COORDINATES;TAXON_MATCH_TAXON_CONCEPT_ID_IGNORED;INSTITUTION_MATCH_FUZZY;COLLECTION_MATCH_FUZZY
1066241378	a79c2b50-6c8a-11de-8226-b8a03c50a862	e5efcc07-c5ac-4eda-a122-469b800e8eab	Animalia	Cnidaria	Anthozoa	Scleractinia	Acroporidae	Acropora	Acropora globiceps		SPECIES	Acropora globiceps (Dana, 1846)	Acropora globiceps	(Dana, 1846)	NU	FOSSIL: Niue		PRESENT		f9d3db7d-6ee9-4fbf-bd4c-e5d0f0bd26c6	-19.0	-169.916667											5784792	5784792	PRESERVED_SPECIMEN	QM	Corals	G55175		C Wallace		CC_BY_4_0		Paulay, G.			2024-07-02T06:30:43.672Z		CONTINENT_DERIVED_FROM_COORDINATES;TAXON_MATCH_TAXON_CONCEPT_ID_IGNORED;INSTITUTION_MATCH_FUZZY;COLLECTION_MATCH_FUZZY
1066241375	a79c2b50-6c8a-11de-8226-b8a03c50a862	9403f0b3-c13d-4b7c-8c0d-ad2791690bbf	Animalia	Cnidaria	Anthozoa	Scleractinia	Acroporidae	Acropora	Acropora globiceps		SPECIES	Acropora globiceps (Dana, 1846)	Acropora globiceps	(Dana, 1846)	NU	FOSSIL: Niue		PRESENT		f9d3db7d-6ee9-4fbf-bd4c-e5d0f0bd26c6	-19.0	-169.916667											5784792	5784792	PRESERVED_SPECIMEN	QM	Corals	G55180		C Wallace		CC_BY_4_0		Paulay, G.			2024-07-02T06:30:35.937Z		CONTINENT_DERIVED_FROM_COORDINATES;TAXON_MATCH_TAXON_CONCEPT_ID_IGNORED;INSTITUTION_MATCH_FUZZY;COLLECTION_MATCH_FUZZY
1066241374	a79c2b50-6c8a-11de-8226-b8a03c50a862	2d81ad70-9f25-4d3c-ba71-b11d7e228c7b	Animalia	Cnidaria	Anthozoa	Scleractinia	Acroporidae	Acropora	Acropora globiceps		SPECIES	Acropora globiceps (Dana, 1846)	Acropora globiceps	(Dana, 1846)	NU	FOSSIL: Niue		PRESENT		f9d3db7d-6ee9-4fbf-bd4c-e5d0f0bd26c6	-19.0	-169.916667											5784792	5784792	PRESERVED_SPECIMEN	QM	Corals	G55182		C Wallace		CC_BY_4_0		Paulay, G.			2024-07-02T06:30:22.712Z		CONTINENT_DERIVED_FROM_COORDINATES;TAXON_MATCH_TAXON_CONCEPT_ID_IGNORED;INSTITUTION_MATCH_FUZZY;COLLECTION_MATCH_FUZZY
1066241373	a79c2b50-6c8a-11de-8226-b8a03c50a862	54efb9bc-204f-4791-be3c-3d8b446d513f	Animalia	Cnidaria	Anthozoa	Scleractinia	Acroporidae	Acropora	Acropora globiceps		SPECIES	Acropora globiceps (Dana, 1846)	Acropora globiceps	(Dana, 1846)	NU	FOSSIL: Niue		PRESENT		f9d3db7d-6ee9-4fbf-bd4c-e5d0f0bd26c6	-19.0	-169.916667											5784792	5784792	PRESERVED_SPECIMEN	QM	Corals	G55176		C Wallace		CC_BY_4_0		Paulay, G.			2024-07-02T06:30:28.308Z		CONTINENT_DERIVED_FROM_COORDINATES;TAXON_MATCH_TAXON_CONCEPT_ID_IGNORED;INSTITUTION_MATCH_FUZZY;COLLECTION_MATCH_FUZZY
1066241367	a79c2b50-6c8a-11de-8226-b8a03c50a862	266cf01e-5642-4db0-9a33-f176f40abacd	Animalia	Cnidaria	Anthozoa	Scleractinia	Acroporidae	Acropora	Acropora globiceps		SPECIES	Acropora globiceps (Dana, 1846)	Acropora globiceps	(Dana, 1846)	NU	FOSSIL: Niue		PRESENT		f9d3db7d-6ee9-4fbf-bd4c-e5d0f0bd26c6	-19.0	-169.916667											5784792	5784792	PRESERVED_SPECIMEN	QM	Corals	G55178		C Wallace		CC_BY_4_0		Paulay, G.			2024-07-02T06:30:21.679Z		CONTINENT_DERIVED_FROM_COORDINATES;TAXON_MATCH_TAXON_CONCEPT_ID_IGNORED;INSTITUTION_MATCH_FUZZY;COLLECTION_MATCH_FUZZY
1066240672	a79c2b50-6c8a-11de-8226-b8a03c50a862	77e4a8b3-e2c2-49b6-93b7-22752c43144a	Animalia	Cnidaria	Anthozoa	Scleractinia	Acroporidae	Acropora	Acropora globiceps		SPECIES	Acropora globiceps (Dana, 1846)	Acropora globiceps	(Dana, 1846)	NU	Niue, Alofi		PRESENT		f9d3db7d-6ee9-4fbf-bd4c-e5d0f0bd26c6	-19.0	-169.916667					15.0	0.0	1991-10-03	3	10	1991	5784792	5784792	PRESERVED_SPECIMEN	QM	Corals	G54512		C Wallace		CC_BY_4_0		Paulay, G.			2024-07-02T06:30:32.456Z		CONTINENT_DERIVED_FROM_COORDINATES;TAXON_MATCH_TAXON_CONCEPT_ID_IGNORED;INSTITUTION_MATCH_FUZZY;COLLECTION_MATCH_FUZZY
1066235275	a79c2b50-6c8a-11de-8226-b8a03c50a862	e0f88667-b76d-44a2-902f-84675eb812c8	Animalia	Cnidaria	Anthozoa	Scleractinia	Acroporidae	Acropora	Acropora globiceps		SPECIES	Acropora globiceps (Dana, 1846)	Acropora globiceps	(Dana, 1846)	CK	Cook Islands, Aitutaki		PRESENT		f9d3db7d-6ee9-4fbf-bd4c-e5d0f0bd26c6	-18.833333	-159.833333											5784792	5784792	PRESERVED_SPECIMEN	QM	Corals	G49053		C Wallace		CC_BY_4_0		Paulay, G.			2024-07-02T06:30:47.487Z		CONTINENT_DERIVED_FROM_COORDINATES;TAXON_MATCH_TAXON_CONCEPT_ID_IGNORED;INSTITUTION_MATCH_FUZZY;COLLECTION_MATCH_FUZZY
1066235260	a79c2b50-6c8a-11de-8226-b8a03c50a862	cee7a398-c6f4-44cb-afaa-4cb819b2b51e	Animalia	Cnidaria	Anthozoa	Scleractinia	Acroporidae	Acropora	Acropora globiceps		SPECIES	Acropora globiceps (Dana, 1846)	Acropora globiceps	(Dana, 1846)	PF	Society Islands, Bora Bora Island		PRESENT		f9d3db7d-6ee9-4fbf-bd4c-e5d0f0bd26c6	-16.5	-151.75							1989-01-06	6	1	1989	5784792	5784792	PRESERVED_SPECIMEN	QM	Corals	G49061		C Wallace		CC_BY_4_0		Seaman, T.			2024-07-02T06:30:41.061Z		CONTINENT_DERIVED_FROM_COORDINATES;TAXON_MATCH_TAXON_CONCEPT_ID_IGNORED;INSTITUTION_MATCH_FUZZY;COLLECTION_MATCH_FUZZY
1066235253	a79c2b50-6c8a-11de-8226-b8a03c50a862	fc2bbaab-0bbd-42bf-a097-f635ca8fe3ba	Animalia	Cnidaria	Anthozoa	Scleractinia	Acroporidae	Acropora	Acropora globiceps		SPECIES	Acropora globiceps (Dana, 1846)	Acropora globiceps	(Dana, 1846)	PN	Pitcairn Group, Henderson Island		PRESENT		f9d3db7d-6ee9-4fbf-bd4c-e5d0f0bd26c6	-24.333333	-128.0					15.5	1.5					5784792	5784792	PRESERVED_SPECIMEN	QM	Corals	G49042		C Wallace		CC_BY_4_0		Pandolfi, J.			2024-07-02T06:30:51.352Z		TAXON_MATCH_TAXON_CONCEPT_ID_IGNORED;INSTITUTION_MATCH_FUZZY;COLLECTION_MATCH_FUZZY
1066235251	a79c2b50-6c8a-11de-8226-b8a03c50a862	48308392-66d1-433c-8e5f-8e08c887948a	Animalia	Cnidaria	Anthozoa	Scleractinia	Acroporidae	Acropora	Acropora globiceps		SPECIES	Acropora globiceps (Dana, 1846)	Acropora globiceps	(Dana, 1846)	PN	Pitcairn Group, Ducie Atoll		PRESENT		f9d3db7d-6ee9-4fbf-bd4c-e5d0f0bd26c6	-25.0	-124.666667					12.0	0.0					5784792	5784792	PRESERVED_SPECIMEN	QM	Corals	G49040		C Wallace		CC_BY_4_0		Pandolfi, J.			2024-07-02T06:30:26.399Z		TAXON_MATCH_TAXON_CONCEPT_ID_IGNORED;INSTITUTION_MATCH_FUZZY;COLLECTION_MATCH_FUZZY
1066235245	a79c2b50-6c8a-11de-8226-b8a03c50a862	63b925bd-c8c8-4cb8-a3cc-54edd3456c37	Animalia	Cnidaria	Anthozoa	Scleractinia	Acroporidae	Acropora	Acropora globiceps		SPECIES	Acropora globiceps (Dana, 1846)	Acropora globiceps	(Dana, 1846)	PN	Pitcairn Group, Oeno Atoll		PRESENT		f9d3db7d-6ee9-4fbf-bd4c-e5d0f0bd26c6	-24.0	-131.166667					1.0	0.0					5784792	5784792	PRESERVED_SPECIMEN	QM	Corals	G49037		C Wallace		CC_BY_4_0		Pandolfi, J.			2024-07-02T06:30:28.596Z		TAXON_MATCH_TAXON_CONCEPT_ID_IGNORED;INSTITUTION_MATCH_FUZZY;COLLECTION_MATCH_FUZZY
1066235243	a79c2b50-6c8a-11de-8226-b8a03c50a862	76287c5d-9f36-4228-b48a-5926ed699d92	Animalia	Cnidaria	Anthozoa	Scleractinia	Acroporidae	Acropora	Acropora globiceps		SPECIES	Acropora globiceps (Dana, 1846)	Acropora globiceps	(Dana, 1846)	PN	Pitcairn Group, Ducie Atoll		PRESENT		f9d3db7d-6ee9-4fbf-bd4c-e5d0f0bd26c6	-25.0	-124.666667					19.0	0.0					5784792	5784792	PRESERVED_SPECIMEN	QM	Corals	G49041		C Wallace		CC_BY_4_0		Pandolfi, J.			2024-07-02T06:30:33.319Z		TAXON_MATCH_TAXON_CONCEPT_ID_IGNORED;INSTITUTION_MATCH_FUZZY;COLLECTION_MATCH_FUZZY
1066235228	a79c2b50-6c8a-11de-8226-b8a03c50a862	dd02aceb-4b23-4f38-bcf5-879470044949	Animalia	Cnidaria	Anthozoa	Scleractinia	Acroporidae	Acropora	Acropora globiceps		SPECIES	Acropora globiceps (Dana, 1846)	Acropora globiceps	(Dana, 1846)	NU	Niue, N Tuapa, Hio		PRESENT		f9d3db7d-6ee9-4fbf-bd4c-e5d0f0bd26c6	-19.0	-169.916667							1991-10-02	2	10	1991	5784792	5784792	PRESERVED_SPECIMEN	QM	Corals	G49024		C Wallace		CC_BY_4_0		Paulay, G.			2024-07-02T06:30:42.270Z		CONTINENT_DERIVED_FROM_COORDINATES;TAXON_MATCH_TAXON_CONCEPT_ID_IGNORED;INSTITUTION_MATCH_FUZZY;COLLECTION_MATCH_FUZZY
1066235224	a79c2b50-6c8a-11de-8226-b8a03c50a862	670f96f4-d590-485d-a1e9-d49ab78261d6	Animalia	Cnidaria	Anthozoa	Scleractinia	Acroporidae	Acropora	Acropora globiceps		SPECIES	Acropora globiceps (Dana, 1846)	Acropora globiceps	(Dana, 1846)	NU	Niue, Namoui		PRESENT		f9d3db7d-6ee9-4fbf-bd4c-e5d0f0bd26c6	-19.0	-169.916667					17.0	0.0	1991-10-17	17	10	1991	5784792	5784792	PRESERVED_SPECIMEN	QM	Corals	G49021		C Wallace		CC_BY_4_0		Paulay, G.			2024-07-02T06:30:28.855Z		CONTINENT_DERIVED_FROM_COORDINATES;TAXON_MATCH_TAXON_CONCEPT_ID_IGNORED;INSTITUTION_MATCH_FUZZY;COLLECTION_MATCH_FUZZY
1066235218	a79c2b50-6c8a-11de-8226-b8a03c50a862	81cccc8d-0aa7-4560-8340-48fbb895d86a	Animalia	Cnidaria	Anthozoa	Scleractinia	Acroporidae	Acropora	Acropora globiceps		SPECIES	Acropora globiceps (Dana, 1846)	Acropora globiceps	(Dana, 1846)	NU	Niue, Hikutavake		PRESENT		f9d3db7d-6ee9-4fbf-bd4c-e5d0f0bd26c6	-19.0	-169.916667					0.25	0.25	1991-10-15	15	10	1991	5784792	5784792	PRESERVED_SPECIMEN	QM	Corals	G49023		C Wallace		CC_BY_4_0		Paulay, G.			2024-07-02T06:30:32.930Z		CONTINENT_DERIVED_FROM_COORDINATES;TAXON_MATCH_TAXON_CONCEPT_ID_IGNORED;INSTITUTION_MATCH_FUZZY;COLLECTION_MATCH_FUZZY
1066235210	a79c2b50-6c8a-11de-8226-b8a03c50a862	b423bc1f-dfcc-4cea-a76f-118555481d54	Animalia	Cnidaria	Anthozoa	Scleractinia	Acroporidae	Acropora	Acropora globiceps		SPECIES	Acropora globiceps (Dana, 1846)	Acropora globiceps	(Dana, 1846)	NU	Niue, Namoui		PRESENT		f9d3db7d-6ee9-4fbf-bd4c-e5d0f0bd26c6	-19.0	-169.916667					15.0	0.0	1991-10-18	18	10	1991	5784792	5784792	PRESERVED_SPECIMEN	QM	Corals	G49020		C Wallace		CC_BY_4_0		Paulay, G.			2024-07-02T06:30:38.407Z		CONTINENT_DERIVED_FROM_COORDINATES;TAXON_MATCH_TAXON_CONCEPT_ID_IGNORED;INSTITUTION_MATCH_FUZZY;COLLECTION_MATCH_FUZZY
1066235189	a79c2b50-6c8a-11de-8226-b8a03c50a862	be8e0de6-be7a-4ac2-8f1f-621795e8348a	Animalia	Cnidaria	Anthozoa	Scleractinia	Acroporidae	Acropora	Acropora globiceps		SPECIES	Acropora globiceps (Dana, 1846)	Acropora globiceps	(Dana, 1846)	NU	Niue, Alofi Wharf		PRESENT		f9d3db7d-6ee9-4fbf-bd4c-e5d0f0bd26c6	-19.0	-169.916667					12.0	0.0	1991-10-16	16	10	1991	5784792	5784792	PRESERVED_SPECIMEN	QM	Corals	G49022		C Wallace		CC_BY_4_0		Paulay, G.			2024-07-02T06:30:38.325Z		CONTINENT_DERIVED_FROM_COORDINATES;TAXON_MATCH_TAXON_CONCEPT_ID_IGNORED;INSTITUTION_MATCH_FUZZY;COLLECTION_MATCH_FUZZY
1066230280	a79c2b50-6c8a-11de-8226-b8a03c50a862	33972875-0089-4d09-b2db-2872ef77f61b	Animalia	Cnidaria	Anthozoa	Scleractinia	Acroporidae	Acropora	Acropora globiceps		SPECIES	Acropora globiceps (Dana, 1846)	Acropora globiceps	(Dana, 1846)	PF	French Polynesia, Moorea		PRESENT		f9d3db7d-6ee9-4fbf-bd4c-e5d0f0bd26c6	-17.583333	-149.833333					9.0	1.0					5784792	5784792	PRESERVED_SPECIMEN	QM	Corals	G44041		C Wallace		CC_BY_4_0		Gleason, M.			2024-07-02T06:30:21.923Z		CONTINENT_DERIVED_FROM_COORDINATES;TAXON_MATCH_TAXON_CONCEPT_ID_IGNORED;INSTITUTION_MATCH_FUZZY;COLLECTION_MATCH_FUZZY
1066225978	a79c2b50-6c8a-11de-8226-b8a03c50a862	b6e4d669-31e6-4cee-9c70-31a3c59afcb2	Animalia	Cnidaria	Anthozoa	Scleractinia	Acroporidae	Acropora	Acropora globiceps		SPECIES	Acropora globiceps (Dana, 1846)	Acropora globiceps	(Dana, 1846)	AU	Coral Sea, South West Cay, Lihou Reef	Queensland	PRESENT		f9d3db7d-6ee9-4fbf-bd4c-e5d0f0bd26c6	-17.65	151.416667					20.0		1991-12-05	5	12	1991	5784792	5784792	PRESERVED_SPECIMEN	QM	Corals	G39834		C Wallace		CC_BY_4_0		Precker, M.			2024-07-02T06:30:38.775Z		TAXON_MATCH_TAXON_CONCEPT_ID_IGNORED;INSTITUTION_MATCH_FUZZY;COLLECTION_MATCH_FUZZY
1066222693	a79c2b50-6c8a-11de-8226-b8a03c50a862	e084f4a5-c806-45e1-967f-f5e048d23af4	Animalia	Cnidaria	Anthozoa	Scleractinia	Acroporidae	Acropora	Acropora globiceps		SPECIES	Acropora globiceps (Dana, 1846)	Acropora globiceps	(Dana, 1846)	CK	Cook Islands, Mauke		PRESENT		f9d3db7d-6ee9-4fbf-bd4c-e5d0f0bd26c6	-20.166667	-157.25							1984-11-15	15	11	1984	5784792	5784792	PRESERVED_SPECIMEN	QM	Corals	G36122		C Wallace		CC_BY_4_0		Paulay, G.			2024-07-02T06:30:43.252Z		TAXON_MATCH_TAXON_CONCEPT_ID_IGNORED;INSTITUTION_MATCH_FUZZY;COLLECTION_MATCH_FUZZY
1066222659	a79c2b50-6c8a-11de-8226-b8a03c50a862	809f3e8b-1e4d-4f9b-a968-f80182523f0e	Animalia	Cnidaria	Anthozoa	Scleractinia	Acroporidae	Acropora	Acropora globiceps		SPECIES	Acropora globiceps (Dana, 1846)	Acropora globiceps	(Dana, 1846)	CK	Cook Islands, Mangaia		PRESENT		f9d3db7d-6ee9-4fbf-bd4c-e5d0f0bd26c6	-22.083333	-158.0											5784792	5784792	PRESERVED_SPECIMEN	QM	Corals	G36115		C Wallace		CC_BY_4_0		Paulay, G.			2024-07-02T06:30:33.780Z		TAXON_MATCH_TAXON_CONCEPT_ID_IGNORED;INSTITUTION_MATCH_FUZZY;COLLECTION_MATCH_FUZZY
1066222653	a79c2b50-6c8a-11de-8226-b8a03c50a862	b1759977-5b24-4215-9a45-5f7356c258d0	Animalia	Cnidaria	Anthozoa	Scleractinia	Acroporidae	Acropora	Acropora globiceps		SPECIES	Acropora globiceps (Dana, 1846)	Acropora globiceps	(Dana, 1846)	CK	Cook Islands, Rarotonga		PRESENT		f9d3db7d-6ee9-4fbf-bd4c-e5d0f0bd26c6	-21.083333	-159.75											5784792	5784792	PRESERVED_SPECIMEN	QM	Corals	G36082		C Wallace		CC_BY_4_0		Paulay, G.			2024-07-02T06:30:37.055Z		TAXON_MATCH_TAXON_CONCEPT_ID_IGNORED;INSTITUTION_MATCH_FUZZY;COLLECTION_MATCH_FUZZY
1066222652	a79c2b50-6c8a-11de-8226-b8a03c50a862	e7cdc629-cf1a-4281-8ebd-bd49db511302	Animalia	Cnidaria	Anthozoa	Scleractinia	Acroporidae	Acropora	Acropora globiceps		SPECIES	Acropora globiceps (Dana, 1846)	Acropora globiceps	(Dana, 1846)	NU	Niue		PRESENT		f9d3db7d-6ee9-4fbf-bd4c-e5d0f0bd26c6	-19.0	-169.916667							1986-08-21	21	8	1986	5784792	5784792	PRESERVED_SPECIMEN	QM	Corals	G36108		C Wallace		CC_BY_4_0		Paulay, G.			2024-07-02T06:30:42.141Z		CONTINENT_DERIVED_FROM_COORDINATES;TAXON_MATCH_TAXON_CONCEPT_ID_IGNORED;INSTITUTION_MATCH_FUZZY;COLLECTION_MATCH_FUZZY
1066222649	a79c2b50-6c8a-11de-8226-b8a03c50a862	80a5cd2f-655d-4e84-bc3f-a1d768ca6ebf	Animalia	Cnidaria	Anthozoa	Scleractinia	Acroporidae	Acropora	Acropora globiceps		SPECIES	Acropora globiceps (Dana, 1846)	Acropora globiceps	(Dana, 1846)	NU	Niue		PRESENT		f9d3db7d-6ee9-4fbf-bd4c-e5d0f0bd26c6	-19.0	-169.916667							1986-08-21	21	8	1986	5784792	5784792	PRESERVED_SPECIMEN	QM	Corals	G36107		C Wallace		CC_BY_4_0		Paulay, G.			2024-07-02T06:30:32.091Z		CONTINENT_DERIVED_FROM_COORDINATES;TAXON_MATCH_TAXON_CONCEPT_ID_IGNORED;INSTITUTION_MATCH_FUZZY;COLLECTION_MATCH_FUZZY
1066222645	a79c2b50-6c8a-11de-8226-b8a03c50a862	4efb3290-b4b1-4ec3-b5a5-af3356eac255	Animalia	Cnidaria	Anthozoa	Scleractinia	Acroporidae	Acropora	Acropora globiceps		SPECIES	Acropora globiceps (Dana, 1846)	Acropora globiceps	(Dana, 1846)	CK	Cook Islands, Mauke		PRESENT		f9d3db7d-6ee9-4fbf-bd4c-e5d0f0bd26c6	-20.166667	-157.25					5.5	1.5	1984-12-12	12	12	1984	5784792	5784792	PRESERVED_SPECIMEN	QM	Corals	G36085		C Wallace		CC_BY_4_0		Paulay, G.			2024-07-02T06:30:22.298Z		TAXON_MATCH_TAXON_CONCEPT_ID_IGNORED;INSTITUTION_MATCH_FUZZY;COLLECTION_MATCH_FUZZY
1066222628	a79c2b50-6c8a-11de-8226-b8a03c50a862	c92e3032-cc93-4db4-9333-91fbb59c4cf5	Animalia	Cnidaria	Anthozoa	Scleractinia	Acroporidae	Acropora	Acropora globiceps		SPECIES	Acropora globiceps (Dana, 1846)	Acropora globiceps	(Dana, 1846)	CK	Cook Islands, Rarotonga		PRESENT		f9d3db7d-6ee9-4fbf-bd4c-e5d0f0bd26c6	-21.083333	-159.75					14.0		1984-10-25	25	10	1984	5784792	5784792	PRESERVED_SPECIMEN	QM	Corals	G36083		C Wallace		CC_BY_4_0		Paulay, G.			2024-07-02T06:30:40.723Z		TAXON_MATCH_TAXON_CONCEPT_ID_IGNORED;INSTITUTION_MATCH_FUZZY;COLLECTION_MATCH_FUZZY
1066222622	a79c2b50-6c8a-11de-8226-b8a03c50a862	c2f75392-76d3-45a8-9f47-96eec1631156	Animalia	Cnidaria	Anthozoa	Scleractinia	Acroporidae	Acropora	Acropora globiceps		SPECIES	Acropora globiceps (Dana, 1846)	Acropora globiceps	(Dana, 1846)	CK	Cook Islands, Rarotonga		PRESENT		f9d3db7d-6ee9-4fbf-bd4c-e5d0f0bd26c6	-21.083333	-159.75					14.0		1984-11-06	6	11	1984	5784792	5784792	PRESERVED_SPECIMEN	QM	Corals	G36080		C Wallace		CC_BY_4_0		Paulay, G.			2024-07-02T06:30:39.186Z		TAXON_MATCH_TAXON_CONCEPT_ID_IGNORED;INSTITUTION_MATCH_FUZZY;COLLECTION_MATCH_FUZZY
1066222621	a79c2b50-6c8a-11de-8226-b8a03c50a862	9fc949e2-aadd-431d-8d47-d4f6b988f689	Animalia	Cnidaria	Anthozoa	Scleractinia	Acroporidae	Acropora	Acropora globiceps		SPECIES	Acropora globiceps (Dana, 1846)	Acropora globiceps	(Dana, 1846)	NU	Niue		PRESENT		f9d3db7d-6ee9-4fbf-bd4c-e5d0f0bd26c6	-19.0	-169.916667					3.0		1986-08-28	28	8	1986	5784792	5784792	PRESERVED_SPECIMEN	QM	Corals	G36105		C Wallace		CC_BY_4_0		Paulay, G.			2024-07-02T06:30:37.049Z		CONTINENT_DERIVED_FROM_COORDINATES;TAXON_MATCH_TAXON_CONCEPT_ID_IGNORED;INSTITUTION_MATCH_FUZZY;COLLECTION_MATCH_FUZZY
1066222616	a79c2b50-6c8a-11de-8226-b8a03c50a862	f17ad966-c496-451b-8682-861d1084910d	Animalia	Cnidaria	Anthozoa	Scleractinia	Acroporidae	Acropora	Acropora globiceps		SPECIES	Acropora globiceps (Dana, 1846)	Acropora globiceps	(Dana, 1846)	NU	Niue		PRESENT		f9d3db7d-6ee9-4fbf-bd4c-e5d0f0bd26c6	-19.0	-169.916667							1986-09-07	7	9	1986	5784792	5784792	PRESERVED_SPECIMEN	QM	Corals	G36079		C Wallace		CC_BY_4_0		Paulay, G.			2024-07-02T06:30:44.445Z		CONTINENT_DERIVED_FROM_COORDINATES;TAXON_MATCH_TAXON_CONCEPT_ID_IGNORED;INSTITUTION_MATCH_FUZZY;COLLECTION_MATCH_FUZZY
1066222601	a79c2b50-6c8a-11de-8226-b8a03c50a862	54a7f630-b9ae-4682-adf5-7dab441e104f	Animalia	Cnidaria	Anthozoa	Scleractinia	Acroporidae	Acropora	Acropora globiceps		SPECIES	Acropora globiceps (Dana, 1846)	Acropora globiceps	(Dana, 1846)	CK	Cook Islands, Mauke		PRESENT		f9d3db7d-6ee9-4fbf-bd4c-e5d0f0bd26c6	-20.166667	-157.25							1984-11-15	15	11	1984	5784792	5784792	PRESERVED_SPECIMEN	QM	Corals	G36084		C Wallace		CC_BY_4_0		Paulay, G.			2024-07-02T06:30:27.099Z		TAXON_MATCH_TAXON_CONCEPT_ID_IGNORED;INSTITUTION_MATCH_FUZZY;COLLECTION_MATCH_FUZZY
1066222597	a79c2b50-6c8a-11de-8226-b8a03c50a862	428bc528-c80b-431c-9c4c-0dd16f452193	Animalia	Cnidaria	Anthozoa	Scleractinia	Acroporidae	Acropora	Acropora globiceps		SPECIES	Acropora globiceps (Dana, 1846)	Acropora globiceps	(Dana, 1846)	CK	Cook Islands, Rarotonga		PRESENT		f9d3db7d-6ee9-4fbf-bd4c-e5d0f0bd26c6	-21.083333	-159.75											5784792	5784792	PRESERVED_SPECIMEN	QM	Corals	G36081		C Wallace		CC_BY_4_0		Paulay, G.			2024-07-02T06:30:22.353Z		TAXON_MATCH_TAXON_CONCEPT_ID_IGNORED;INSTITUTION_MATCH_FUZZY;COLLECTION_MATCH_FUZZY
1066222502	a79c2b50-6c8a-11de-8226-b8a03c50a862	9e115f79-8b46-4724-8319-58406b21f3e9	Animalia	Cnidaria	Anthozoa	Scleractinia	Acroporidae	Acropora	Acropora globiceps		SPECIES	Acropora globiceps (Dana, 1846)	Acropora globiceps	(Dana, 1846)	CK	Cook Islands, Aitutaki		PRESENT		f9d3db7d-6ee9-4fbf-bd4c-e5d0f0bd26c6	-18.833333	-159.833333					14.0		1986-11-23	23	11	1986	5784792	5784792	PRESERVED_SPECIMEN	QM	Corals	G35944		C Wallace		CC_BY_4_0		Paulay, G.			2024-07-02T06:30:35.582Z		CONTINENT_DERIVED_FROM_COORDINATES;TAXON_MATCH_TAXON_CONCEPT_ID_IGNORED;INSTITUTION_MATCH_FUZZY;COLLECTION_MATCH_FUZZY
1066222471	a79c2b50-6c8a-11de-8226-b8a03c50a862	f002f0f4-1913-474f-98d2-b229fdaafe6c	Animalia	Cnidaria	Anthozoa	Scleractinia	Acroporidae	Acropora	Acropora globiceps		SPECIES	Acropora globiceps (Dana, 1846)	Acropora globiceps	(Dana, 1846)	CK	Cook Islands, Aitutaki		PRESENT		f9d3db7d-6ee9-4fbf-bd4c-e5d0f0bd26c6	-18.833333	-159.833333											5784792	5784792	PRESERVED_SPECIMEN	QM	Corals	G35943		C Wallace		CC_BY_4_0		Paulay, G.			2024-07-02T06:30:50.144Z		CONTINENT_DERIVED_FROM_COORDINATES;TAXON_MATCH_TAXON_CONCEPT_ID_IGNORED;INSTITUTION_MATCH_FUZZY;COLLECTION_MATCH_FUZZY
1066222466	a79c2b50-6c8a-11de-8226-b8a03c50a862	15a2f0ea-7000-46f4-89ad-4d046e12b10c	Animalia	Cnidaria	Anthozoa	Scleractinia	Acroporidae	Acropora	Acropora globiceps		SPECIES	Acropora globiceps (Dana, 1846)	Acropora globiceps	(Dana, 1846)	CK	Cook Islands, Rarotonga, Tupapa		PRESENT		f9d3db7d-6ee9-4fbf-bd4c-e5d0f0bd26c6	-21.083333	-159.75					17.0	0.0	1984-11-07	7	11	1984	5784792	5784792	PRESERVED_SPECIMEN	QM	Corals	G35931		C Wallace		CC_BY_4_0		Paulay, G.			2024-07-02T06:30:14.257Z		TAXON_MATCH_TAXON_CONCEPT_ID_IGNORED;INSTITUTION_MATCH_FUZZY;COLLECTION_MATCH_FUZZY
1066222346	a79c2b50-6c8a-11de-8226-b8a03c50a862	1ebfe347-e240-400b-a0ab-7f59b4964160	Animalia	Cnidaria	Anthozoa	Scleractinia	Acroporidae	Acropora	Acropora globiceps		SPECIES	Acropora globiceps (Dana, 1846)	Acropora globiceps	(Dana, 1846)	PN	Pitcairn Group, Henderson Island		PRESENT		f9d3db7d-6ee9-4fbf-bd4c-e5d0f0bd26c6	-24.333333	-128.0							1987-05-12	12	5	1987	5784792	5784792	PRESERVED_SPECIMEN	QM	Corals	G35753		C Wallace		CC_BY_4_0		Paulay, G.			2024-07-02T06:30:18.484Z		TAXON_MATCH_TAXON_CONCEPT_ID_IGNORED;INSTITUTION_MATCH_FUZZY;COLLECTION_MATCH_FUZZY
1066222272	a79c2b50-6c8a-11de-8226-b8a03c50a862	ac978120-b669-453e-9ae5-8b249aba3bd4	Animalia	Cnidaria	Anthozoa	Scleractinia	Acroporidae	Acropora	Acropora globiceps		SPECIES	Acropora globiceps (Dana, 1846)	Acropora globiceps	(Dana, 1846)	PN	Pitcairn Group, Ducie Island		PRESENT		f9d3db7d-6ee9-4fbf-bd4c-e5d0f0bd26c6	-25.0	-124.666667							1987-05-10	10	5	1987	5784792	5784792	PRESERVED_SPECIMEN	QM	Corals	G35748		C Wallace		CC_BY_4_0		Paulay, G.			2024-07-02T06:30:37.491Z		TAXON_MATCH_TAXON_CONCEPT_ID_IGNORED;INSTITUTION_MATCH_FUZZY;COLLECTION_MATCH_FUZZY
1066222270	a79c2b50-6c8a-11de-8226-b8a03c50a862	15f068e9-66fa-448f-9c0a-dd4c6f7e3b9c	Animalia	Cnidaria	Anthozoa	Scleractinia	Acroporidae	Acropora	Acropora globiceps		SPECIES	Acropora globiceps (Dana, 1846)	Acropora globiceps	(Dana, 1846)	PN	Pitcairn Group, Ducie Island		PRESENT		f9d3db7d-6ee9-4fbf-bd4c-e5d0f0bd26c6	-25.0	-124.666667							1987-05-10	10	5	1987	5784792	5784792	PRESERVED_SPECIMEN	QM	Corals	G35749		C Wallace		CC_BY_4_0		Paulay, G.			2024-07-02T06:30:15.301Z		TAXON_MATCH_TAXON_CONCEPT_ID_IGNORED;INSTITUTION_MATCH_FUZZY;COLLECTION_MATCH_FUZZY
1066209742	a79c2b50-6c8a-11de-8226-b8a03c50a862	46dbccae-ad84-459d-90ef-3665ed4ac6ca	Animalia	Cnidaria	Anthozoa	Scleractinia	Acroporidae	Acropora	Acropora globiceps		SPECIES	Acropora globiceps (Dana, 1846)	Acropora globiceps	(Dana, 1846)	AU	Three Isles	Queensland	PRESENT		f9d3db7d-6ee9-4fbf-bd4c-e5d0f0bd26c6	-15.116667	145.416667											5784792	5784792	PRESERVED_SPECIMEN	QM	Corals	G27462		C Wallace		CC_BY_4_0		Australian Institute of Marine Science			2024-07-02T06:30:29.625Z		CONTINENT_DERIVED_FROM_COORDINATES;TAXON_MATCH_TAXON_CONCEPT_ID_IGNORED;INSTITUTION_MATCH_FUZZY;COLLECTION_MATCH_FUZZY
